timeStamp,elapsed,label,responseCode,responseMessage,threadName,dataType,success,failureMessage,bytes,sentBytes,grpThreads,allThreads,URL,Latency,IdleTime,Connect
1589987842614,505,https://facespreprod.fta.dot.gov:443/suite,301,Moved Permanently,TRAMS_TC04 - Smoke Test 4-1,text,true,,495,386,1,5,https://facespreprod.fta.dot.gov/suite,503,0,191
1589987842614,510,https://facespreprod.fta.dot.gov:443/suite,301,Moved Permanently,TRAMS_TC05 - Smoke Test 5-1,text,true,,495,386,1,5,https://facespreprod.fta.dot.gov/suite,510,0,198
1589987842614,514,https://facespreprod.fta.dot.gov:443/suite/,200,200,TRAMS_TC03 - Smoke Test 3-1,text,true,,5101,387,1,5,https://facespreprod.fta.dot.gov/suite/,513,0,191
1589987842614,527,https://facespreprod.fta.dot.gov:443/suite/,200,200,TRAMS_TC02 - Smoke Test 2-1,text,true,,5100,387,1,5,https://facespreprod.fta.dot.gov/suite/,526,0,194
1589987842614,527,https://facespreprod.fta.dot.gov:443/suite/,200,200,TRAMS_TC01 - Smoke Test 1-1,text,true,,5100,379,1,5,https://facespreprod.fta.dot.gov/suite/,526,0,204
1589987843132,20,https://facespreprod.fta.dot.gov:443/suite/portal/css/banner.css,200,OK,TRAMS_TC03 - Smoke Test 3-1,text,true,,699,505,1,5,https://facespreprod.fta.dot.gov/suite/portal/css/banner.css,20,0,0
1589987843142,19,https://facespreprod.fta.dot.gov:443/suite/portal/css/banner.css,200,OK,TRAMS_TC02 - Smoke Test 2-1,text,true,,699,504,1,5,https://facespreprod.fta.dot.gov/suite/portal/css/banner.css,19,0,0
1589987843142,21,https://facespreprod.fta.dot.gov:443/suite/portal/css/banner.css,200,OK,TRAMS_TC01 - Smoke Test 1-1,text,true,,699,496,1,5,https://facespreprod.fta.dot.gov/suite/portal/css/banner.css,21,0,0
1589987843154,51,https://facespreprod.fta.dot.gov:443/suite/portal/css/standard_styles_static.css,200,OK,TRAMS_TC03 - Smoke Test 3-1,text,true,,25271,521,1,5,https://facespreprod.fta.dot.gov/suite/portal/css/standard_styles_static.css,29,0,0
1589987843162,46,https://facespreprod.fta.dot.gov:443/suite/portal/css/standard_styles_static.css,200,OK,TRAMS_TC02 - Smoke Test 2-1,text,true,,25271,520,1,5,https://facespreprod.fta.dot.gov/suite/portal/css/standard_styles_static.css,44,0,0
1589987843122,102,https://facespreprod.fta.dot.gov:443/suite/,200,200,TRAMS_TC04 - Smoke Test 4-1,text,true,,5101,401,1,5,https://facespreprod.fta.dot.gov/suite/,102,0,0
1589987843163,61,https://facespreprod.fta.dot.gov:443/suite/portal/css/standard_styles_static.css,200,OK,TRAMS_TC01 - Smoke Test 1-1,text,true,,25271,512,1,5,https://facespreprod.fta.dot.gov/suite/portal/css/standard_styles_static.css,59,0,0
1589987843206,20,https://facespreprod.fta.dot.gov:443/suite/portal/css/login.css,200,OK,TRAMS_TC03 - Smoke Test 3-1,text,true,,3640,504,1,5,https://facespreprod.fta.dot.gov/suite/portal/css/login.css,20,0,0
1589987843126,101,https://facespreprod.fta.dot.gov:443/suite/,200,200,TRAMS_TC05 - Smoke Test 5-1,text,true,,5101,401,1,5,https://facespreprod.fta.dot.gov/suite/,101,0,0
1589987843209,24,https://facespreprod.fta.dot.gov:443/suite/portal/css/login.css,200,OK,TRAMS_TC02 - Smoke Test 2-1,text,true,,3640,503,1,5,https://facespreprod.fta.dot.gov/suite/portal/css/login.css,24,0,0
1589987843225,26,https://facespreprod.fta.dot.gov:443/suite/portal/css/banner.css,200,OK,TRAMS_TC04 - Smoke Test 4-1,text,true,,699,505,1,5,https://facespreprod.fta.dot.gov/suite/portal/css/banner.css,26,0,0
1589987843225,26,https://facespreprod.fta.dot.gov:443/suite/portal/css/login.css,200,OK,TRAMS_TC01 - Smoke Test 1-1,text,true,,3640,495,1,5,https://facespreprod.fta.dot.gov/suite/portal/css/login.css,26,0,0
1589987843227,26,https://facespreprod.fta.dot.gov:443/suite/portal/css/banner.css,200,OK,TRAMS_TC05 - Smoke Test 5-1,text,true,,699,505,1,5,https://facespreprod.fta.dot.gov/suite/portal/css/banner.css,26,0,0
1589987843252,52,https://facespreprod.fta.dot.gov:443/suite/portal/css/standard_styles_static.css,200,OK,TRAMS_TC04 - Smoke Test 4-1,text,true,,25271,521,1,5,https://facespreprod.fta.dot.gov/suite/portal/css/standard_styles_static.css,51,0,0
1589987843253,68,https://facespreprod.fta.dot.gov:443/suite/portal/css/standard_styles_static.css,200,OK,TRAMS_TC05 - Smoke Test 5-1,text,true,,25271,521,1,5,https://facespreprod.fta.dot.gov/suite/portal/css/standard_styles_static.css,35,0,0
1589987843305,35,https://facespreprod.fta.dot.gov:443/suite/portal/css/login.css,200,OK,TRAMS_TC04 - Smoke Test 4-1,text,true,,3640,504,1,5,https://facespreprod.fta.dot.gov/suite/portal/css/login.css,34,0,0
1589987843322,21,https://facespreprod.fta.dot.gov:443/suite/portal/css/login.css,200,OK,TRAMS_TC05 - Smoke Test 5-1,text,true,,3640,504,1,5,https://facespreprod.fta.dot.gov/suite/portal/css/login.css,21,0,0
1589987843227,174,https://facespreprod.fta.dot.gov:443/suite/rest/a/content/latest/branding/logo/1495900367000,200,200,TRAMS_TC03 - Smoke Test 3-1,bin,true,,23798,529,1,5,https://facespreprod.fta.dot.gov/suite/rest/a/content/latest/branding/logo/1495900367000,105,0,0
1589987843234,170,https://facespreprod.fta.dot.gov:443/suite/rest/a/content/latest/branding/logo/1495900367000,200,200,TRAMS_TC02 - Smoke Test 2-1,bin,true,,23798,528,1,5,https://facespreprod.fta.dot.gov/suite/rest/a/content/latest/branding/logo/1495900367000,106,0,0
1589987843405,18,https://facespreprod.fta.dot.gov:443/suite/portal/css/fonts/open-sans.css,200,OK,TRAMS_TC02 - Smoke Test 2-1,text,true,,637,513,1,5,https://facespreprod.fta.dot.gov/suite/portal/css/fonts/open-sans.css,18,0,0
1589987843402,23,https://facespreprod.fta.dot.gov:443/suite/portal/css/fonts/open-sans.css,200,OK,TRAMS_TC03 - Smoke Test 3-1,text,true,,637,514,1,5,https://facespreprod.fta.dot.gov/suite/portal/css/fonts/open-sans.css,22,0,0
1589987843426,27,https://facespreprod.fta.dot.gov:443/suite/portal/css/fonts/opensans-regular-appian.woff2,200,OK,TRAMS_TC03 - Smoke Test 3-1,,true,,19111,599,1,5,https://facespreprod.fta.dot.gov/suite/portal/css/fonts/opensans-regular-appian.woff2,27,0,0
1589987843424,31,https://facespreprod.fta.dot.gov:443/suite/portal/css/fonts/opensans-regular-appian.woff2,200,OK,TRAMS_TC02 - Smoke Test 2-1,,true,,19111,598,1,5,https://facespreprod.fta.dot.gov/suite/portal/css/fonts/opensans-regular-appian.woff2,30,0,0
1589987843454,44,https://facespreprod.fta.dot.gov:443/suite/portal/css/fonts/opensans-semibold-appian.woff2,200,OK,TRAMS_TC03 - Smoke Test 3-1,,true,,19879,600,1,5,https://facespreprod.fta.dot.gov/suite/portal/css/fonts/opensans-semibold-appian.woff2,43,0,0
1589987843456,44,https://facespreprod.fta.dot.gov:443/suite/portal/css/fonts/opensans-semibold-appian.woff2,200,OK,TRAMS_TC02 - Smoke Test 2-1,,true,,19879,599,1,5,https://facespreprod.fta.dot.gov/suite/portal/css/fonts/opensans-semibold-appian.woff2,44,0,0
1589987843498,98,https://facespreprod.fta.dot.gov:443/suite/rest/a/content/latest/branding/favicon/1413136026000,200,200,TRAMS_TC03 - Smoke Test 3-1,bin,true,,2036,482,1,5,https://facespreprod.fta.dot.gov/suite/rest/a/content/latest/branding/favicon/1413136026000,98,0,0
1589987842585,971,/suite/,200,"Number of samples in transaction : 10, number of failing samples : 0",TRAMS_TC03 - Smoke Test 3-1,,true,,100172,4641,1,5,null,877,41,191
1589987843501,98,https://facespreprod.fta.dot.gov:443/suite/rest/a/content/latest/branding/favicon/1413136026000,200,200,TRAMS_TC02 - Smoke Test 2-1,bin,true,,2036,481,1,5,https://facespreprod.fta.dot.gov/suite/rest/a/content/latest/branding/favicon/1413136026000,98,0,0
1589987842581,977,Landing Page,200,"Number of samples in transaction : 10, number of failing samples : 0",TRAMS_TC02 - Smoke Test 2-1,,true,,100171,4633,1,5,null,909,43,194
1589987843598,30,https://facespreprod.fta.dot.gov:443/suite/portal/css/fonts/opensans-light-appian.woff2,200,OK,TRAMS_TC03 - Smoke Test 3-1,,true,,19623,597,1,5,https://facespreprod.fta.dot.gov/suite/portal/css/fonts/opensans-light-appian.woff2,30,0,0
1589987843602,32,https://facespreprod.fta.dot.gov:443/suite/portal/css/fonts/opensans-light-appian.woff2,200,OK,TRAMS_TC02 - Smoke Test 2-1,,true,,19623,596,1,5,https://facespreprod.fta.dot.gov/suite/portal/css/fonts/opensans-light-appian.woff2,31,0,0
1589987843252,392,https://facespreprod.fta.dot.gov:443/suite/rest/a/content/latest/branding/logo/1495900367000,200,200,TRAMS_TC01 - Smoke Test 1-1,bin,true,,23798,520,1,5,https://facespreprod.fta.dot.gov/suite/rest/a/content/latest/branding/logo/1495900367000,320,0,0
1589987843630,23,https://facespreprod.fta.dot.gov:443/suite/portal/css/fonts/opensans-bold-appian.woff2,200,OK,TRAMS_TC03 - Smoke Test 3-1,,true,,19739,596,1,5,https://facespreprod.fta.dot.gov/suite/portal/css/fonts/opensans-bold-appian.woff2,22,0,0
1589987843597,53,/suite/portal/css/fonts/opensans-light-appian.woff2,200,"Number of samples in transaction : 3, number of failing samples : 0",TRAMS_TC03 - Smoke Test 3-1,,true,,39362,1193,1,5,null,52,4,0
1589987843636,29,https://facespreprod.fta.dot.gov:443/suite/portal/css/fonts/opensans-bold-appian.woff2,200,OK,TRAMS_TC02 - Smoke Test 2-1,,true,,19739,595,1,5,https://facespreprod.fta.dot.gov/suite/portal/css/fonts/opensans-bold-appian.woff2,29,0,0
1589987843601,61,Font Loading,200,"Number of samples in transaction : 3, number of failing samples : 0",TRAMS_TC02 - Smoke Test 2-1,,true,,39362,1191,1,5,null,60,5,0
1589987843645,26,https://facespreprod.fta.dot.gov:443/suite/portal/css/fonts/open-sans.css,200,OK,TRAMS_TC01 - Smoke Test 1-1,text,true,,637,505,1,5,https://facespreprod.fta.dot.gov/suite/portal/css/fonts/open-sans.css,26,0,0
1589987843671,39,https://facespreprod.fta.dot.gov:443/suite/portal/css/fonts/opensans-regular-appian.woff2,200,OK,TRAMS_TC01 - Smoke Test 1-1,,true,,19111,590,1,5,https://facespreprod.fta.dot.gov/suite/portal/css/fonts/opensans-regular-appian.woff2,39,0,0
1589987843344,392,https://facespreprod.fta.dot.gov:443/suite/rest/a/content/latest/branding/logo/1495900367000,200,200,TRAMS_TC05 - Smoke Test 5-1,bin,true,,23798,529,1,5,https://facespreprod.fta.dot.gov/suite/rest/a/content/latest/branding/logo/1495900367000,310,0,0
1589987843340,396,https://facespreprod.fta.dot.gov:443/suite/rest/a/content/latest/branding/logo/1495900367000,200,200,TRAMS_TC04 - Smoke Test 4-1,bin,true,,23798,529,1,5,https://facespreprod.fta.dot.gov/suite/rest/a/content/latest/branding/logo/1495900367000,308,0,0
1589987843737,20,https://facespreprod.fta.dot.gov:443/suite/portal/css/fonts/open-sans.css,200,OK,TRAMS_TC04 - Smoke Test 4-1,text,true,,637,514,1,5,https://facespreprod.fta.dot.gov/suite/portal/css/fonts/open-sans.css,20,0,0
1589987843737,20,https://facespreprod.fta.dot.gov:443/suite/portal/css/fonts/open-sans.css,200,OK,TRAMS_TC05 - Smoke Test 5-1,text,true,,637,514,1,5,https://facespreprod.fta.dot.gov/suite/portal/css/fonts/open-sans.css,20,0,0
1589987843711,48,https://facespreprod.fta.dot.gov:443/suite/portal/css/fonts/opensans-semibold-appian.woff2,200,OK,TRAMS_TC01 - Smoke Test 1-1,,true,,19879,591,1,5,https://facespreprod.fta.dot.gov/suite/portal/css/fonts/opensans-semibold-appian.woff2,48,0,0
1589987843758,61,https://facespreprod.fta.dot.gov:443/suite/portal/css/fonts/opensans-regular-appian.woff2,200,OK,TRAMS_TC04 - Smoke Test 4-1,,true,,19111,599,1,5,https://facespreprod.fta.dot.gov/suite/portal/css/fonts/opensans-regular-appian.woff2,61,0,0
1589987843758,62,https://facespreprod.fta.dot.gov:443/suite/portal/css/fonts/opensans-regular-appian.woff2,200,OK,TRAMS_TC05 - Smoke Test 5-1,,true,,19111,599,1,5,https://facespreprod.fta.dot.gov/suite/portal/css/fonts/opensans-regular-appian.woff2,62,0,0
1589987843760,95,https://facespreprod.fta.dot.gov:443/suite/rest/a/content/latest/branding/favicon/1413136026000,200,200,TRAMS_TC01 - Smoke Test 1-1,bin,true,,2036,473,1,5,https://facespreprod.fta.dot.gov/suite/rest/a/content/latest/branding/favicon/1413136026000,95,0,0
1589987842578,1235,Landing Page,200,"Number of samples in transaction : 10, number of failing samples : 0",TRAMS_TC01 - Smoke Test 1-1,,true,,100171,4561,1,5,null,1160,43,204
1589987843821,41,https://facespreprod.fta.dot.gov:443/suite/portal/css/fonts/opensans-semibold-appian.woff2,200,OK,TRAMS_TC05 - Smoke Test 5-1,,true,,19879,600,1,5,https://facespreprod.fta.dot.gov/suite/portal/css/fonts/opensans-semibold-appian.woff2,41,0,0
1589987843820,45,https://facespreprod.fta.dot.gov:443/suite/portal/css/fonts/opensans-semibold-appian.woff2,200,OK,TRAMS_TC04 - Smoke Test 4-1,,true,,19879,600,1,5,https://facespreprod.fta.dot.gov/suite/portal/css/fonts/opensans-semibold-appian.woff2,44,0,0
1589987843857,26,https://facespreprod.fta.dot.gov:443/suite/portal/css/fonts/opensans-light-appian.woff2,200,OK,TRAMS_TC01 - Smoke Test 1-1,,true,,19623,588,1,5,https://facespreprod.fta.dot.gov/suite/portal/css/fonts/opensans-light-appian.woff2,26,0,0
1589987843884,27,https://facespreprod.fta.dot.gov:443/suite/portal/css/fonts/opensans-bold-appian.woff2,200,OK,TRAMS_TC01 - Smoke Test 1-1,,true,,19739,587,1,5,https://facespreprod.fta.dot.gov/suite/portal/css/fonts/opensans-bold-appian.woff2,27,0,0
1589987843856,53,Fonts Loading,200,"Number of samples in transaction : 3, number of failing samples : 0",TRAMS_TC01 - Smoke Test 1-1,,true,,39362,1175,1,5,null,53,3,0
1589987843863,94,https://facespreprod.fta.dot.gov:443/suite/rest/a/content/latest/branding/favicon/1413136026000,200,200,TRAMS_TC05 - Smoke Test 5-1,bin,true,,2036,482,1,5,https://facespreprod.fta.dot.gov/suite/rest/a/content/latest/branding/favicon/1413136026000,94,0,0
1589987842600,1335,/suite,200,"Number of samples in transaction : 11, number of failing samples : 0",TRAMS_TC05 - Smoke Test 5-1,,true,,100667,5041,1,5,null,1220,22,198
1589987843865,93,https://facespreprod.fta.dot.gov:443/suite/rest/a/content/latest/branding/favicon/1413136026000,200,200,TRAMS_TC04 - Smoke Test 4-1,bin,true,,2036,482,1,5,https://facespreprod.fta.dot.gov/suite/rest/a/content/latest/branding/favicon/1413136026000,93,0,0
1589987842588,1335,/suite,200,"Number of samples in transaction : 10, number of failing samples : 0",TRAMS_TC04 - Smoke Test 4-1,,true,,100667,5041,1,5,null,1242,35,191
1589987843957,23,https://facespreprod.fta.dot.gov:443/suite/portal/css/fonts/opensans-light-appian.woff2,200,OK,TRAMS_TC05 - Smoke Test 5-1,,true,,19623,597,1,5,https://facespreprod.fta.dot.gov/suite/portal/css/fonts/opensans-light-appian.woff2,23,0,0
1589987843959,25,https://facespreprod.fta.dot.gov:443/suite/portal/css/fonts/opensans-light-appian.woff2,200,OK,TRAMS_TC04 - Smoke Test 4-1,,true,,19623,597,1,5,https://facespreprod.fta.dot.gov/suite/portal/css/fonts/opensans-light-appian.woff2,25,0,0
1589987843981,33,https://facespreprod.fta.dot.gov:443/suite/portal/css/fonts/opensans-bold-appian.woff2,200,OK,TRAMS_TC05 - Smoke Test 5-1,,true,,19739,596,1,5,https://facespreprod.fta.dot.gov/suite/portal/css/fonts/opensans-bold-appian.woff2,31,0,0
1589987843957,56,/suite/portal/css/fonts/opensans-light-appian.woff2,200,"Number of samples in transaction : 3, number of failing samples : 0",TRAMS_TC05 - Smoke Test 5-1,,true,,39362,1193,1,5,null,54,4,0
1589987843985,34,https://facespreprod.fta.dot.gov:443/suite/portal/css/fonts/opensans-bold-appian.woff2,200,OK,TRAMS_TC04 - Smoke Test 4-1,,true,,19739,596,1,5,https://facespreprod.fta.dot.gov/suite/portal/css/fonts/opensans-bold-appian.woff2,31,0,0
1589987843958,59,/suite/portal/css/fonts/opensans-light-appian.woff2,200,"Number of samples in transaction : 2, number of failing samples : 0",TRAMS_TC04 - Smoke Test 4-1,,true,,39362,1193,1,5,null,56,4,0
1589987843654,594,https://facespreprod.fta.dot.gov:443/suite/auth?appian_environment=tempo,302,302,TRAMS_TC03 - Smoke Test 3-1,,true,,711,817,1,5,https://facespreprod.fta.dot.gov/suite/auth?appian_environment=tempo,594,0,0
1589987843667,607,https://facespreprod.fta.dot.gov:443/suite/auth?appian_environment=tempo,302,302,TRAMS_TC02 - Smoke Test 2-1,,true,,710,816,1,5,https://facespreprod.fta.dot.gov/suite/auth?appian_environment=tempo,607,0,0
1589987844254,22,https://facespreprod.fta.dot.gov:443/suite/tempo,302,Found,TRAMS_TC03 - Smoke Test 3-1,text,true,,451,640,1,5,https://facespreprod.fta.dot.gov/suite/tempo,22,0,0
1589987844276,18,https://facespreprod.fta.dot.gov:443/suite/tempo,302,Found,TRAMS_TC02 - Smoke Test 2-1,text,true,,451,639,1,5,https://facespreprod.fta.dot.gov/suite/tempo,18,0,0
1589987843912,428,https://facespreprod.fta.dot.gov:443/suite/auth?appian_environment=tempo,302,302,TRAMS_TC01 - Smoke Test 1-1,,true,,710,808,1,5,https://facespreprod.fta.dot.gov/suite/auth?appian_environment=tempo,428,0,0
1589987844341,19,https://facespreprod.fta.dot.gov:443/suite/tempo,302,Found,TRAMS_TC01 - Smoke Test 1-1,text,true,,451,631,1,5,https://facespreprod.fta.dot.gov/suite/tempo,19,0,0
1589987844276,104,https://facespreprod.fta.dot.gov:443/suite/tempo/,302,302,TRAMS_TC03 - Smoke Test 3-1,text,true,,641,641,1,5,https://facespreprod.fta.dot.gov/suite/tempo/,104,0,0
1589987844295,97,https://facespreprod.fta.dot.gov:443/suite/tempo/,302,302,TRAMS_TC02 - Smoke Test 2-1,text,true,,641,640,1,5,https://facespreprod.fta.dot.gov/suite/tempo/,97,0,0
1589987844022,431,https://facespreprod.fta.dot.gov:443/suite/auth?appian_environment=tempo,302,302,TRAMS_TC04 - Smoke Test 4-1,,true,,711,826,1,5,https://facespreprod.fta.dot.gov/suite/auth?appian_environment=tempo,431,0,0
1589987844361,94,https://facespreprod.fta.dot.gov:443/suite/tempo/,302,302,TRAMS_TC01 - Smoke Test 1-1,text,true,,641,632,1,5,https://facespreprod.fta.dot.gov/suite/tempo/,94,0,0
1589987844454,20,https://facespreprod.fta.dot.gov:443/suite/tempo,302,Found,TRAMS_TC04 - Smoke Test 4-1,text,true,,451,640,1,5,https://facespreprod.fta.dot.gov/suite/tempo,20,0,0
1589987844380,238,https://facespreprod.fta.dot.gov:443/suite/tempo/news,200,200,TRAMS_TC03 - Smoke Test 3-1,text,true,,33911,645,1,5,https://facespreprod.fta.dot.gov/suite/tempo/news,161,0,0
1589987844394,228,https://facespreprod.fta.dot.gov:443/suite/tempo/news,200,200,TRAMS_TC02 - Smoke Test 2-1,text,true,,33911,644,1,5,https://facespreprod.fta.dot.gov/suite/tempo/news,160,0,0
1589987844455,222,https://facespreprod.fta.dot.gov:443/suite/tempo/news,200,200,TRAMS_TC01 - Smoke Test 1-1,text,true,,33911,636,1,5,https://facespreprod.fta.dot.gov/suite/tempo/news,143,0,0
1589987844620,137,https://facespreprod.fta.dot.gov:443/suite/tempo/ui/sail-client/tempo-50f18cd077c75e758ee2.cache.css?appian_environment=tempo,200,OK,TRAMS_TC03 - Smoke Test 3-1,text,true,,290049,641,1,5,https://facespreprod.fta.dot.gov/suite/tempo/ui/sail-client/tempo-50f18cd077c75e758ee2.cache.css?appian_environment=tempo,38,0,0
1589987844624,178,https://facespreprod.fta.dot.gov:443/suite/tempo/ui/sail-client/tempo-50f18cd077c75e758ee2.cache.css?appian_environment=tempo,200,OK,TRAMS_TC02 - Smoke Test 2-1,text,true,,290120,640,1,5,https://facespreprod.fta.dot.gov/suite/tempo/ui/sail-client/tempo-50f18cd077c75e758ee2.cache.css?appian_environment=tempo,40,0,0
1589987844475,342,https://facespreprod.fta.dot.gov:443/suite/tempo/,302,302,TRAMS_TC04 - Smoke Test 4-1,text,true,,641,641,1,5,https://facespreprod.fta.dot.gov/suite/tempo/,342,0,0
1589987844020,849,https://facespreprod.fta.dot.gov:443/suite/auth?appian_environment=tempo,302,302,TRAMS_TC05 - Smoke Test 5-1,,true,,711,817,1,5,https://facespreprod.fta.dot.gov/suite/auth?appian_environment=tempo,849,0,0
1589987844681,213,https://facespreprod.fta.dot.gov:443/suite/tempo/ui/sail-client/tempo-50f18cd077c75e758ee2.cache.css?appian_environment=tempo,200,OK,TRAMS_TC01 - Smoke Test 1-1,text,true,,289985,632,1,5,https://facespreprod.fta.dot.gov/suite/tempo/ui/sail-client/tempo-50f18cd077c75e758ee2.cache.css?appian_environment=tempo,79,0,0
1589987844895,189,https://facespreprod.fta.dot.gov:443/suite/tempo/ui/sail-client/opensans-regular-appian-81d0487ba73afd292730e6f89e83c2ea.woff2,200,OK,TRAMS_TC01 - Smoke Test 1-1,,true,,19111,744,1,5,https://facespreprod.fta.dot.gov/suite/tempo/ui/sail-client/opensans-regular-appian-81d0487ba73afd292730e6f89e83c2ea.woff2,189,0,0
1589987844818,325,https://facespreprod.fta.dot.gov:443/suite/tempo/news,200,200,TRAMS_TC04 - Smoke Test 4-1,text,true,,33883,645,1,5,https://facespreprod.fta.dot.gov/suite/tempo/news,282,0,0
1589987844869,333,https://facespreprod.fta.dot.gov:443/suite/sites/home,200,200,TRAMS_TC05 - Smoke Test 5-1,text,true,,30407,645,1,5,https://facespreprod.fta.dot.gov/suite/sites/home,326,0,0
1589987845147,641,https://facespreprod.fta.dot.gov:443/suite/tempo/ui/sail-client/tempo-50f18cd077c75e758ee2.cache.css?appian_environment=tempo,200,OK,TRAMS_TC04 - Smoke Test 4-1,text,true,,290001,641,1,5,https://facespreprod.fta.dot.gov/suite/tempo/ui/sail-client/tempo-50f18cd077c75e758ee2.cache.css?appian_environment=tempo,244,0,0
1589987845206,609,https://facespreprod.fta.dot.gov:443/suite/tempo/ui/sail-client/sites-50f18cd077c75e758ee2.cache.css?appian_environment=sites,200,OK,TRAMS_TC05 - Smoke Test 5-1,text,true,,285631,641,1,5,https://facespreprod.fta.dot.gov/suite/tempo/ui/sail-client/sites-50f18cd077c75e758ee2.cache.css?appian_environment=sites,196,0,0
1589987844758,1251,https://facespreprod.fta.dot.gov:443/suite/tempo/ui/sail-client/tempo-50f18cd077c75e758ee2.cache.js?appian_environment=tempo,200,OK,TRAMS_TC03 - Smoke Test 3-1,text,true,,2136508,625,1,5,https://facespreprod.fta.dot.gov/suite/tempo/ui/sail-client/tempo-50f18cd077c75e758ee2.cache.js?appian_environment=tempo,60,0,0
1589987844804,1305,https://facespreprod.fta.dot.gov:443/suite/tempo/ui/sail-client/tempo-50f18cd077c75e758ee2.cache.js?appian_environment=tempo,200,OK,TRAMS_TC02 - Smoke Test 2-1,text,true,,2136419,624,1,5,https://facespreprod.fta.dot.gov/suite/tempo/ui/sail-client/tempo-50f18cd077c75e758ee2.cache.js?appian_environment=tempo,82,0,0
1589987846010,171,https://facespreprod.fta.dot.gov:443/suite/tempo/ui/sail-client/embeddedBootstrap.nocache.js?appian_environment=tempo,200,OK,TRAMS_TC03 - Smoke Test 3-1,text,true,,57605,618,1,5,https://facespreprod.fta.dot.gov/suite/tempo/ui/sail-client/embeddedBootstrap.nocache.js?appian_environment=tempo,161,0,0
1589987846111,167,https://facespreprod.fta.dot.gov:443/suite/tempo/ui/sail-client/embeddedBootstrap.nocache.js?appian_environment=tempo,200,OK,TRAMS_TC02 - Smoke Test 2-1,text,true,,57605,617,1,5,https://facespreprod.fta.dot.gov/suite/tempo/ui/sail-client/embeddedBootstrap.nocache.js?appian_environment=tempo,160,0,0
1589987846182,186,https://facespreprod.fta.dot.gov:443/suite/tempo/tempo.nocache.js?appian_environment=tempo,200,OK,TRAMS_TC03 - Smoke Test 3-1,text,true,,7321,591,1,5,https://facespreprod.fta.dot.gov/suite/tempo/tempo.nocache.js?appian_environment=tempo,186,0,0
1589987846279,222,https://facespreprod.fta.dot.gov:443/suite/tempo/tempo.nocache.js?appian_environment=tempo,200,OK,TRAMS_TC02 - Smoke Test 2-1,text,true,,7321,590,1,5,https://facespreprod.fta.dot.gov/suite/tempo/tempo.nocache.js?appian_environment=tempo,222,0,0
1589987846369,163,https://facespreprod.fta.dot.gov:443/suite/tempo/ui/sail-client/opensans-regular-appian-81d0487ba73afd292730e6f89e83c2ea.woff2,200,OK,TRAMS_TC03 - Smoke Test 3-1,,true,,19111,753,1,5,https://facespreprod.fta.dot.gov/suite/tempo/ui/sail-client/opensans-regular-appian-81d0487ba73afd292730e6f89e83c2ea.woff2,162,0,0
1589987845085,1449,https://facespreprod.fta.dot.gov:443/suite/tempo/ui/sail-client/tempo-50f18cd077c75e758ee2.cache.js?appian_environment=tempo,200,OK,TRAMS_TC01 - Smoke Test 1-1,text,true,,2135900,616,1,5,https://facespreprod.fta.dot.gov/suite/tempo/ui/sail-client/tempo-50f18cd077c75e758ee2.cache.js?appian_environment=tempo,124,0,0
1589987846503,147,https://facespreprod.fta.dot.gov:443/suite/tempo/ui/sail-client/opensans-regular-appian-81d0487ba73afd292730e6f89e83c2ea.woff2,200,OK,TRAMS_TC02 - Smoke Test 2-1,,true,,19111,752,1,5,https://facespreprod.fta.dot.gov/suite/tempo/ui/sail-client/opensans-regular-appian-81d0487ba73afd292730e6f89e83c2ea.woff2,147,0,0
1589987846535,167,https://facespreprod.fta.dot.gov:443/suite/tempo/ui/sail-client/embeddedBootstrap.nocache.js?appian_environment=tempo,200,OK,TRAMS_TC01 - Smoke Test 1-1,text,true,,57605,609,1,5,https://facespreprod.fta.dot.gov/suite/tempo/ui/sail-client/embeddedBootstrap.nocache.js?appian_environment=tempo,159,0,0
1589987846703,101,https://facespreprod.fta.dot.gov:443/suite/tempo/tempo.nocache.js?appian_environment=tempo,200,OK,TRAMS_TC01 - Smoke Test 1-1,text,true,,7321,582,1,5,https://facespreprod.fta.dot.gov/suite/tempo/tempo.nocache.js?appian_environment=tempo,101,0,0
1589987845789,1209,https://facespreprod.fta.dot.gov:443/suite/tempo/ui/sail-client/tempo-50f18cd077c75e758ee2.cache.js?appian_environment=tempo,200,OK,TRAMS_TC04 - Smoke Test 4-1,text,true,,2135949,625,1,5,https://facespreprod.fta.dot.gov/suite/tempo/ui/sail-client/tempo-50f18cd077c75e758ee2.cache.js?appian_environment=tempo,173,0,0
1589987845816,1218,https://facespreprod.fta.dot.gov:443/suite/tempo/ui/sail-client/sites-50f18cd077c75e758ee2.cache.js?appian_environment=sites,200,OK,TRAMS_TC05 - Smoke Test 5-1,text,true,,2133196,625,1,5,https://facespreprod.fta.dot.gov/suite/tempo/ui/sail-client/sites-50f18cd077c75e758ee2.cache.js?appian_environment=sites,233,0,0
1589987846999,44,https://facespreprod.fta.dot.gov:443/suite/tempo/ui/sail-client/embeddedBootstrap.nocache.js?appian_environment=tempo,200,OK,TRAMS_TC04 - Smoke Test 4-1,text,true,,57605,618,1,5,https://facespreprod.fta.dot.gov/suite/tempo/ui/sail-client/embeddedBootstrap.nocache.js?appian_environment=tempo,39,0,0
1589987847043,22,https://facespreprod.fta.dot.gov:443/suite/tempo/tempo.nocache.js?appian_environment=tempo,200,OK,TRAMS_TC04 - Smoke Test 4-1,text,true,,7321,591,1,5,https://facespreprod.fta.dot.gov/suite/tempo/tempo.nocache.js?appian_environment=tempo,21,0,0
1589987847035,40,https://facespreprod.fta.dot.gov:443/suite/tempo/ui/sail-client/embeddedBootstrap.nocache.js?appian_environment=sites,200,OK,TRAMS_TC05 - Smoke Test 5-1,text,true,,57605,618,1,5,https://facespreprod.fta.dot.gov/suite/tempo/ui/sail-client/embeddedBootstrap.nocache.js?appian_environment=sites,34,0,0
1589987847065,32,https://facespreprod.fta.dot.gov:443/suite/tempo/ui/sail-client/opensans-regular-appian-81d0487ba73afd292730e6f89e83c2ea.woff2,200,OK,TRAMS_TC04 - Smoke Test 4-1,,true,,19111,753,1,5,https://facespreprod.fta.dot.gov/suite/tempo/ui/sail-client/opensans-regular-appian-81d0487ba73afd292730e6f89e83c2ea.woff2,32,0,0
1589987847076,28,https://facespreprod.fta.dot.gov:443/suite/tempo/ui/sail-client/opensans-regular-appian-81d0487ba73afd292730e6f89e83c2ea.woff2,200,OK,TRAMS_TC05 - Smoke Test 5-1,,true,,19111,753,1,5,https://facespreprod.fta.dot.gov/suite/tempo/ui/sail-client/opensans-regular-appian-81d0487ba73afd292730e6f89e83c2ea.woff2,26,0,0
1589987847105,345,https://facespreprod.fta.dot.gov:443/suite/rest/a/content/latest/isBUBiUIVyuBs1xJ-h2jNllxDI3-LUzeATPvGAEMX6XPvQAENH7Fyna3_Sy/o,200,200,TRAMS_TC05 - Smoke Test 5-1,bin,true,,1787,578,1,5,https://facespreprod.fta.dot.gov/suite/rest/a/content/latest/isBUBiUIVyuBs1xJ-h2jNllxDI3-LUzeATPvGAEMX6XPvQAENH7Fyna3_Sy/o,345,0,0
1589987847098,421,https://facespreprod.fta.dot.gov:443/suite/rest/a/sites/latest/D6JMim/page/news/nav,200,200,TRAMS_TC04 - Smoke Test 4-1,text,true,,8618,923,1,5,https://facespreprod.fta.dot.gov/suite/rest/a/sites/latest/D6JMim/page/news/nav,421,0,0
1589987846535,985,https://facespreprod.fta.dot.gov:443/suite/rest/a/sites/latest/D6JMim/page/news/nav,200,200,TRAMS_TC03 - Smoke Test 3-1,text,true,,8562,923,1,5,https://facespreprod.fta.dot.gov/suite/rest/a/sites/latest/D6JMim/page/news/nav,984,0,0
1589987846806,740,https://facespreprod.fta.dot.gov:443/suite/rest/a/sites/latest/D6JMim/page/news/nav,200,200,TRAMS_TC01 - Smoke Test 1-1,text,true,,8560,914,1,5,https://facespreprod.fta.dot.gov/suite/rest/a/sites/latest/D6JMim/page/news/nav,740,0,0
1589987846651,896,https://facespreprod.fta.dot.gov:443/suite/rest/a/sites/latest/D6JMim/page/news/nav,200,200,TRAMS_TC02 - Smoke Test 2-1,text,true,,8561,922,1,5,https://facespreprod.fta.dot.gov/suite/rest/a/sites/latest/D6JMim/page/news/nav,896,0,0
1589987847520,643,https://facespreprod.fta.dot.gov:443/suite/rest/a/applications/latest/legacy/sites/D6JMim/page/news,302,302,TRAMS_TC04 - Smoke Test 4-1,text,true,,59600,939,1,5,https://facespreprod.fta.dot.gov/suite/rest/a/applications/latest/legacy/sites/D6JMim/page/news,575,0,0
1589987847548,621,https://facespreprod.fta.dot.gov:443/suite/rest/a/applications/latest/legacy/sites/D6JMim/page/news,302,302,TRAMS_TC02 - Smoke Test 2-1,text,true,,59611,938,1,5,https://facespreprod.fta.dot.gov/suite/rest/a/applications/latest/legacy/sites/D6JMim/page/news,564,0,0
1589987847547,634,https://facespreprod.fta.dot.gov:443/suite/rest/a/applications/latest/legacy/sites/D6JMim/page/news,302,302,TRAMS_TC01 - Smoke Test 1-1,text,true,,59611,930,1,5,https://facespreprod.fta.dot.gov/suite/rest/a/applications/latest/legacy/sites/D6JMim/page/news,600,0,0
1589987848163,24,https://facespreprod.fta.dot.gov:443/suite/tempo/ui/fontawesome/css/font-awesome.min.css,200,OK,TRAMS_TC04 - Smoke Test 4-1,text,true,,8613,604,1,5,https://facespreprod.fta.dot.gov/suite/tempo/ui/fontawesome/css/font-awesome.min.css,24,0,0
1589987848171,20,https://facespreprod.fta.dot.gov:443/suite/tempo/ui/fontawesome/css/font-awesome.min.css,200,OK,TRAMS_TC02 - Smoke Test 2-1,text,true,,8613,603,1,5,https://facespreprod.fta.dot.gov/suite/tempo/ui/fontawesome/css/font-awesome.min.css,20,0,0
1589987848181,24,https://facespreprod.fta.dot.gov:443/suite/tempo/ui/fontawesome/css/font-awesome.min.css,200,OK,TRAMS_TC01 - Smoke Test 1-1,text,true,,8613,595,1,5,https://facespreprod.fta.dot.gov/suite/tempo/ui/fontawesome/css/font-awesome.min.css,24,0,0
1589987848188,22,https://facespreprod.fta.dot.gov:443/suite/tempo/2C84FF337CC22580BFA779345DDA7A57.cache.js,404,Not Found,TRAMS_TC04 - Smoke Test 4-1,text,false,,752,591,1,5,https://facespreprod.fta.dot.gov/suite/tempo/2C84FF337CC22580BFA779345DDA7A57.cache.js,22,0,0
1589987847522,711,https://facespreprod.fta.dot.gov:443/suite/rest/a/applications/latest/legacy/sites/D6JMim/page/news,302,302,TRAMS_TC03 - Smoke Test 3-1,text,true,,59604,939,1,5,https://facespreprod.fta.dot.gov/suite/rest/a/applications/latest/legacy/sites/D6JMim/page/news,590,0,0
1589987848233,40,https://facespreprod.fta.dot.gov:443/suite/tempo/ui/fontawesome/css/font-awesome.min.css,200,OK,TRAMS_TC03 - Smoke Test 3-1,text,true,,8613,604,1,5,https://facespreprod.fta.dot.gov/suite/tempo/ui/fontawesome/css/font-awesome.min.css,40,0,0
1589987848211,109,https://facespreprod.fta.dot.gov:443/suite/tempo/ui/sail-client/embeddedAuthUtility-50f18cd077c75e758ee2.cache.js,200,OK,TRAMS_TC04 - Smoke Test 4-1,text,true,,198548,614,1,5,https://facespreprod.fta.dot.gov/suite/tempo/ui/sail-client/embeddedAuthUtility-50f18cd077c75e758ee2.cache.js,30,0,0
1589987848274,115,https://facespreprod.fta.dot.gov:443/suite/tempo/2C84FF337CC22580BFA779345DDA7A57.cache.js,404,Not Found,TRAMS_TC03 - Smoke Test 3-1,text,false,,752,591,1,5,https://facespreprod.fta.dot.gov/suite/tempo/2C84FF337CC22580BFA779345DDA7A57.cache.js,115,0,0
1589987847451,987,https://facespreprod.fta.dot.gov:443/suite/rest/a/sites/latest/home/nav,200,200,TRAMS_TC05 - Smoke Test 5-1,text,true,,8508,887,1,5,https://facespreprod.fta.dot.gov/suite/rest/a/sites/latest/home/nav,987,0,0
1589987848320,163,https://facespreprod.fta.dot.gov:443/suite/tempo/ui/jquery-bundle.js,200,OK,TRAMS_TC04 - Smoke Test 4-1,text,true,,37157,569,1,5,https://facespreprod.fta.dot.gov/suite/tempo/ui/jquery-bundle.js,159,0,0
1589987848390,302,https://facespreprod.fta.dot.gov:443/suite/tempo/ui/sail-client/embeddedAuthUtility-50f18cd077c75e758ee2.cache.js,200,OK,TRAMS_TC03 - Smoke Test 3-1,text,true,,198603,614,1,5,https://facespreprod.fta.dot.gov/suite/tempo/ui/sail-client/embeddedAuthUtility-50f18cd077c75e758ee2.cache.js,203,0,0
1589987848484,346,https://facespreprod.fta.dot.gov:443/suite/rest/a/sites/latest/D6JMim/pages/news/interface,200,200,TRAMS_TC04 - Smoke Test 4-1,text,true,,3478,930,1,5,https://facespreprod.fta.dot.gov/suite/rest/a/sites/latest/D6JMim/pages/news/interface,346,0,0
1589987848192,624,https://facespreprod.fta.dot.gov:443/suite/tempo/39B7F9A59AA70C94DB56F3D115568F2F.cache.js,200,OK,TRAMS_TC02 - Smoke Test 2-1,text,true,,1032198,590,1,5,https://facespreprod.fta.dot.gov/suite/tempo/39B7F9A59AA70C94DB56F3D115568F2F.cache.js,67,0,0
1589987848694,148,https://facespreprod.fta.dot.gov:443/suite/tempo/ui/jquery-bundle.js,200,OK,TRAMS_TC03 - Smoke Test 3-1,text,true,,37157,569,1,5,https://facespreprod.fta.dot.gov/suite/tempo/ui/jquery-bundle.js,138,0,0
1589987848206,629,https://facespreprod.fta.dot.gov:443/suite/tempo/39B7F9A59AA70C94DB56F3D115568F2F.cache.js,200,OK,TRAMS_TC01 - Smoke Test 1-1,text,true,,1032453,582,1,5,https://facespreprod.fta.dot.gov/suite/tempo/39B7F9A59AA70C94DB56F3D115568F2F.cache.js,62,0,0
1589987848830,34,https://facespreprod.fta.dot.gov:443/suite/personalization/img/nophoto.jpg,200,OK,TRAMS_TC04 - Smoke Test 4-1,bin,true,,3647,586,1,5,https://facespreprod.fta.dot.gov/suite/personalization/img/nophoto.jpg,34,0,0
1589987848865,125,https://facespreprod.fta.dot.gov:443/suite/tempo/ui/sail-client/opensans-semibold-appian-0dd0a359a053b2b5bb856a9580da9780.woff2,200,OK,TRAMS_TC04 - Smoke Test 4-1,,true,,19879,754,1,5,https://facespreprod.fta.dot.gov/suite/tempo/ui/sail-client/opensans-semibold-appian-0dd0a359a053b2b5bb856a9580da9780.woff2,125,0,0
1589987848834,172,https://facespreprod.fta.dot.gov:443/suite/tempo/ui/sail-client/embeddedAuthUtility-50f18cd077c75e758ee2.cache.js,200,OK,TRAMS_TC02 - Smoke Test 2-1,text,true,,198547,613,1,5,https://facespreprod.fta.dot.gov/suite/tempo/ui/sail-client/embeddedAuthUtility-50f18cd077c75e758ee2.cache.js,39,0,0
1589987848842,175,https://facespreprod.fta.dot.gov:443/suite/cors/ping?cv=2,200,200,TRAMS_TC03 - Smoke Test 3-1,,true,,3349,558,1,5,https://facespreprod.fta.dot.gov/suite/cors/ping?cv=2,174,0,0
1589987848848,171,https://facespreprod.fta.dot.gov:443/suite/tempo/ui/sail-client/embeddedAuthUtility-50f18cd077c75e758ee2.cache.js,200,OK,TRAMS_TC01 - Smoke Test 1-1,text,true,,198595,605,1,5,https://facespreprod.fta.dot.gov/suite/tempo/ui/sail-client/embeddedAuthUtility-50f18cd077c75e758ee2.cache.js,103,0,0
1589987848440,587,https://facespreprod.fta.dot.gov:443/suite/rest/a/applications/latest/legacy/sites/home,302,302,TRAMS_TC05 - Smoke Test 5-1,text,true,,59585,903,1,5,https://facespreprod.fta.dot.gov/suite/rest/a/applications/latest/legacy/sites/home,580,0,0
1589987849007,104,https://facespreprod.fta.dot.gov:443/suite/tempo/ui/jquery-bundle.js,200,OK,TRAMS_TC02 - Smoke Test 2-1,text,true,,37157,568,1,5,https://facespreprod.fta.dot.gov/suite/tempo/ui/jquery-bundle.js,100,0,0
1589987849020,96,https://facespreprod.fta.dot.gov:443/suite/tempo/ui/jquery-bundle.js,200,OK,TRAMS_TC01 - Smoke Test 1-1,text,true,,37157,560,1,5,https://facespreprod.fta.dot.gov/suite/tempo/ui/jquery-bundle.js,90,0,0
1589987848991,130,https://facespreprod.fta.dot.gov:443/suite/cors/ping?cv=2,200,200,TRAMS_TC04 - Smoke Test 4-1,,true,,3329,558,1,5,https://facespreprod.fta.dot.gov/suite/cors/ping?cv=2,130,0,0
1589987849017,135,https://facespreprod.fta.dot.gov:443/suite/rest/a/content/latest/ioBUBiUIVyuBs1xJ-53jNNqyCiFev6APRp-KmjD1G5Rjv5lcSLzMoeNkRo/o,200,200,TRAMS_TC03 - Smoke Test 3-1,bin,true,,2739,637,1,5,https://facespreprod.fta.dot.gov/suite/rest/a/content/latest/ioBUBiUIVyuBs1xJ-53jNNqyCiFev6APRp-KmjD1G5Rjv5lcSLzMoeNkRo/o,135,0,0
1589987849153,33,https://facespreprod.fta.dot.gov:443/suite/tempo/ui/sail-client/opensans-semibold-appian-0dd0a359a053b2b5bb856a9580da9780.woff2,200,OK,TRAMS_TC03 - Smoke Test 3-1,,true,,19879,754,1,5,https://facespreprod.fta.dot.gov/suite/tempo/ui/sail-client/opensans-semibold-appian-0dd0a359a053b2b5bb856a9580da9780.woff2,33,0,0
1589987849122,169,https://facespreprod.fta.dot.gov:443/suite/tempo/tempoSvc,200,200,TRAMS_TC04 - Smoke Test 4-1,text,true,,74409,1104,1,5,https://facespreprod.fta.dot.gov/suite/tempo/tempoSvc,157,0,0
1589987849111,185,https://facespreprod.fta.dot.gov:443/suite/rest/a/sites/latest/D6JMim/pages/news/interface,200,200,TRAMS_TC02 - Smoke Test 2-1,text,true,,3485,929,1,5,https://facespreprod.fta.dot.gov/suite/rest/a/sites/latest/D6JMim/pages/news/interface,185,0,0
1589987849117,181,https://facespreprod.fta.dot.gov:443/suite/rest/a/sites/latest/D6JMim/pages/news/interface,200,200,TRAMS_TC01 - Smoke Test 1-1,text,true,,3486,921,1,5,https://facespreprod.fta.dot.gov/suite/rest/a/sites/latest/D6JMim/pages/news/interface,181,0,0
1589987849297,137,https://facespreprod.fta.dot.gov:443/suite/rest/a/content/latest/ioBUBiUIVyuBs1xJ-53jNNqyCiFev6APRp-KmjD1G5Rjv5lcSLzMoeNkRo/o,200,200,TRAMS_TC02 - Smoke Test 2-1,bin,true,,2739,636,1,5,https://facespreprod.fta.dot.gov/suite/rest/a/content/latest/ioBUBiUIVyuBs1xJ-53jNNqyCiFev6APRp-KmjD1G5Rjv5lcSLzMoeNkRo/o,137,0,0
1589987849299,137,https://facespreprod.fta.dot.gov:443/suite/rest/a/content/latest/ioBUBiUIVyuBs1xJ-53jNNqyCiFev6APRp-KmjD1G5Rjv5lcSLzMoeNkRo/o,200,200,TRAMS_TC01 - Smoke Test 1-1,bin,true,,2739,628,1,5,https://facespreprod.fta.dot.gov/suite/rest/a/content/latest/ioBUBiUIVyuBs1xJ-53jNNqyCiFev6APRp-KmjD1G5Rjv5lcSLzMoeNkRo/o,137,0,0
1589987849436,39,https://facespreprod.fta.dot.gov:443/suite/tempo/ui/sail-client/opensans-semibold-appian-0dd0a359a053b2b5bb856a9580da9780.woff2,200,OK,TRAMS_TC02 - Smoke Test 2-1,,true,,19879,753,1,5,https://facespreprod.fta.dot.gov/suite/tempo/ui/sail-client/opensans-semibold-appian-0dd0a359a053b2b5bb856a9580da9780.woff2,38,0,0
1589987849436,42,https://facespreprod.fta.dot.gov:443/suite/tempo/ui/sail-client/opensans-semibold-appian-0dd0a359a053b2b5bb856a9580da9780.woff2,200,OK,TRAMS_TC01 - Smoke Test 1-1,,true,,19879,745,1,5,https://facespreprod.fta.dot.gov/suite/tempo/ui/sail-client/opensans-semibold-appian-0dd0a359a053b2b5bb856a9580da9780.woff2,42,0,0
1589987849187,346,https://facespreprod.fta.dot.gov:443/suite/rest/a/sites/latest/D6JMim/pages/news/interface,200,200,TRAMS_TC03 - Smoke Test 3-1,text,true,,3491,930,1,5,https://facespreprod.fta.dot.gov/suite/rest/a/sites/latest/D6JMim/pages/news/interface,346,0,0
1589987849477,141,https://facespreprod.fta.dot.gov:443/suite/cors/ping?cv=2,200,200,TRAMS_TC02 - Smoke Test 2-1,,true,,3351,557,1,5,https://facespreprod.fta.dot.gov/suite/cors/ping?cv=2,141,0,0
1589987849480,140,https://facespreprod.fta.dot.gov:443/suite/cors/ping?cv=2,200,200,TRAMS_TC01 - Smoke Test 1-1,,true,,3347,549,1,5,https://facespreprod.fta.dot.gov/suite/cors/ping?cv=2,140,0,0
1589987849291,574,https://facespreprod.fta.dot.gov:443/suite/tempo/ui/sail-client/embeddedApp-50f18cd077c75e758ee2.cache.js,200,OK,TRAMS_TC04 - Smoke Test 4-1,text,true,,2117126,606,1,5,https://facespreprod.fta.dot.gov/suite/tempo/ui/sail-client/embeddedApp-50f18cd077c75e758ee2.cache.js,53,0,0
1589987849621,262,https://facespreprod.fta.dot.gov:443/suite/tempo/tempoSvc,200,200,TRAMS_TC01 - Smoke Test 1-1,text,true,,74446,1119,1,5,https://facespreprod.fta.dot.gov/suite/tempo/tempoSvc,251,0,0
1589987849619,270,https://facespreprod.fta.dot.gov:443/suite/tempo/tempoSvc,200,200,TRAMS_TC02 - Smoke Test 2-1,text,true,,74446,1127,1,5,https://facespreprod.fta.dot.gov/suite/tempo/tempoSvc,244,0,0
1589987849866,188,https://facespreprod.fta.dot.gov:443/suite/rest/a/custombranding/latest/branding,200,200,TRAMS_TC04 - Smoke Test 4-1,text,true,,4512,789,1,5,https://facespreprod.fta.dot.gov/suite/rest/a/custombranding/latest/branding,188,0,0
1589987850055,285,https://facespreprod.fta.dot.gov:443/suite/api/groups/broadcast-targets,200,200,TRAMS_TC04 - Smoke Test 4-1,text,true,,761,740,1,5,https://facespreprod.fta.dot.gov/suite/api/groups/broadcast-targets,285,0,0
1589987849534,829,https://facespreprod.fta.dot.gov:443/suite/tempo/ui/sail-client/embeddedApp-50f18cd077c75e758ee2.cache.js,200,OK,TRAMS_TC03 - Smoke Test 3-1,text,true,,2116798,606,1,5,https://facespreprod.fta.dot.gov/suite/tempo/ui/sail-client/embeddedApp-50f18cd077c75e758ee2.cache.js,76,0,0
1589987850365,367,https://facespreprod.fta.dot.gov:443/suite/tempo/tempoSvc,200,200,TRAMS_TC03 - Smoke Test 3-1,text,true,,74445,1104,1,5,https://facespreprod.fta.dot.gov/suite/tempo/tempoSvc,296,0,0
1589987849884,896,https://facespreprod.fta.dot.gov:443/suite/tempo/ui/sail-client/embeddedApp-50f18cd077c75e758ee2.cache.js,200,OK,TRAMS_TC01 - Smoke Test 1-1,text,true,,2116597,597,1,5,https://facespreprod.fta.dot.gov/suite/tempo/ui/sail-client/embeddedApp-50f18cd077c75e758ee2.cache.js,111,0,0
1589987849889,892,https://facespreprod.fta.dot.gov:443/suite/tempo/ui/sail-client/embeddedApp-50f18cd077c75e758ee2.cache.js,200,OK,TRAMS_TC02 - Smoke Test 2-1,text,true,,2116334,605,1,5,https://facespreprod.fta.dot.gov/suite/tempo/ui/sail-client/embeddedApp-50f18cd077c75e758ee2.cache.js,115,0,0
1589987850735,118,https://facespreprod.fta.dot.gov:443/suite/rest/a/custombranding/latest/branding,200,200,TRAMS_TC03 - Smoke Test 3-1,text,true,,4512,789,1,5,https://facespreprod.fta.dot.gov/suite/rest/a/custombranding/latest/branding,117,0,0
1589987850782,110,https://facespreprod.fta.dot.gov:443/suite/rest/a/custombranding/latest/branding,200,200,TRAMS_TC02 - Smoke Test 2-1,text,true,,4512,788,1,5,https://facespreprod.fta.dot.gov/suite/rest/a/custombranding/latest/branding,110,0,0
1589987850781,111,https://facespreprod.fta.dot.gov:443/suite/rest/a/custombranding/latest/branding,200,200,TRAMS_TC01 - Smoke Test 1-1,text,true,,4512,780,1,5,https://facespreprod.fta.dot.gov/suite/rest/a/custombranding/latest/branding,111,0,0
1589987850342,659,"https://facespreprod.fta.dot.gov:443/suite/api/feed/tempo?t=e,x,b&m=menu-news&st=o",200,200,TRAMS_TC04 - Smoke Test 4-1,text,true,,9063,812,1,5,"https://facespreprod.fta.dot.gov/suite/api/feed/tempo?t=e,x,b&m=menu-news&st=o",658,0,0
1589987850854,180,https://facespreprod.fta.dot.gov:443/suite/api/groups/broadcast-targets,200,200,TRAMS_TC03 - Smoke Test 3-1,text,true,,761,740,1,5,https://facespreprod.fta.dot.gov/suite/api/groups/broadcast-targets,180,0,0
1589987851006,28,https://facespreprod.fta.dot.gov:443/suite/tempo/fonts/OpenSans-Regular-webfont.woff2,200,OK,TRAMS_TC04 - Smoke Test 4-1,,true,,15807,640,1,5,https://facespreprod.fta.dot.gov/suite/tempo/fonts/OpenSans-Regular-webfont.woff2,28,0,0
1589987850893,144,https://facespreprod.fta.dot.gov:443/suite/api/groups/broadcast-targets,200,200,TRAMS_TC02 - Smoke Test 2-1,text,true,,761,739,1,5,https://facespreprod.fta.dot.gov/suite/api/groups/broadcast-targets,143,0,0
1589987850893,159,https://facespreprod.fta.dot.gov:443/suite/api/groups/broadcast-targets,200,200,TRAMS_TC01 - Smoke Test 1-1,text,true,,761,731,1,5,https://facespreprod.fta.dot.gov/suite/api/groups/broadcast-targets,159,0,0
1589987851036,27,https://facespreprod.fta.dot.gov:443/suite/tempo/fonts/OpenSans-Bold-webfont.woff2,200,OK,TRAMS_TC04 - Smoke Test 4-1,,true,,16511,637,1,5,https://facespreprod.fta.dot.gov/suite/tempo/fonts/OpenSans-Bold-webfont.woff2,27,0,0
1589987851064,38,https://facespreprod.fta.dot.gov:443/suite/tempo/ui/fontawesome/fonts/fontawesome-webfont.woff2?v=4.7.0,200,OK,TRAMS_TC04 - Smoke Test 4-1,,true,,77396,693,1,5,https://facespreprod.fta.dot.gov/suite/tempo/ui/fontawesome/fonts/fontawesome-webfont.woff2?v=4.7.0,28,0,0
1589987844021,7051,/suite/auth,,"Number of samples in transaction : 28, number of failing samples : 1",TRAMS_TC04 - Smoke Test 4-1,,false,,5204879,19069,1,5,null,4874,32,0
1589987851103,147,https://facespreprod.fta.dot.gov:443/suite/rest/a/user/latest/ablahovec@westmorelandtransit.com/about,200,200,TRAMS_TC04 - Smoke Test 4-1,text,true,,1280,770,1,5,https://facespreprod.fta.dot.gov/suite/rest/a/user/latest/ablahovec@westmorelandtransit.com/about,147,0,0
1589987851036,426,"https://facespreprod.fta.dot.gov:443/suite/api/feed/tempo?t=e,x,b&m=menu-news&st=o",200,200,TRAMS_TC03 - Smoke Test 3-1,text,true,,9293,798,1,5,"https://facespreprod.fta.dot.gov/suite/api/feed/tempo?t=e,x,b&m=menu-news&st=o",426,0,0
1589987851463,43,https://facespreprod.fta.dot.gov:443/suite/tempo/fonts/OpenSans-Regular-webfont.woff2,200,OK,TRAMS_TC03 - Smoke Test 3-1,,true,,15807,640,1,5,https://facespreprod.fta.dot.gov/suite/tempo/fonts/OpenSans-Regular-webfont.woff2,43,0,0
1589987851039,474,"https://facespreprod.fta.dot.gov:443/suite/api/feed/tempo?t=e,x,b&m=menu-news&st=o",200,200,TRAMS_TC02 - Smoke Test 2-1,text,true,,9293,811,1,5,"https://facespreprod.fta.dot.gov/suite/api/feed/tempo?t=e,x,b&m=menu-news&st=o",473,0,0
1589987851507,27,https://facespreprod.fta.dot.gov:443/suite/tempo/fonts/OpenSans-Bold-webfont.woff2,200,OK,TRAMS_TC03 - Smoke Test 3-1,,true,,16511,637,1,5,https://facespreprod.fta.dot.gov/suite/tempo/fonts/OpenSans-Bold-webfont.woff2,27,0,0
1589987851514,23,https://facespreprod.fta.dot.gov:443/suite/tempo/fonts/OpenSans-Regular-webfont.woff2,200,OK,TRAMS_TC02 - Smoke Test 2-1,,true,,15807,639,1,5,https://facespreprod.fta.dot.gov/suite/tempo/fonts/OpenSans-Regular-webfont.woff2,23,0,0
1589987851054,517,"https://facespreprod.fta.dot.gov:443/suite/api/feed/tempo?t=e,x,b&m=menu-news&st=o",200,200,TRAMS_TC01 - Smoke Test 1-1,text,true,,9293,803,1,5,"https://facespreprod.fta.dot.gov/suite/api/feed/tempo?t=e,x,b&m=menu-news&st=o",517,0,0
1589987851535,52,https://facespreprod.fta.dot.gov:443/suite/tempo/ui/fontawesome/fonts/fontawesome-webfont.woff2?v=4.7.0,200,OK,TRAMS_TC03 - Smoke Test 3-1,,true,,77396,693,1,5,https://facespreprod.fta.dot.gov/suite/tempo/ui/fontawesome/fonts/fontawesome-webfont.woff2?v=4.7.0,36,0,0
1589987851538,50,https://facespreprod.fta.dot.gov:443/suite/tempo/fonts/OpenSans-Bold-webfont.woff2,200,OK,TRAMS_TC02 - Smoke Test 2-1,,true,,16511,636,1,5,https://facespreprod.fta.dot.gov/suite/tempo/fonts/OpenSans-Bold-webfont.woff2,50,0,0
1589987851572,33,https://facespreprod.fta.dot.gov:443/suite/tempo/fonts/OpenSans-Regular-webfont.woff2,200,OK,TRAMS_TC01 - Smoke Test 1-1,,true,,15807,631,1,5,https://facespreprod.fta.dot.gov/suite/tempo/fonts/OpenSans-Regular-webfont.woff2,33,0,0
1589987851588,27,https://facespreprod.fta.dot.gov:443/suite/personalization/img/nophoto.jpg,200,OK,TRAMS_TC03 - Smoke Test 3-1,bin,true,,3647,586,1,5,https://facespreprod.fta.dot.gov/suite/personalization/img/nophoto.jpg,27,0,0
1589987843654,7925,/suite/auth,,"Number of samples in transaction : 30, number of failing samples : 1",TRAMS_TC03 - Smoke Test 3-1,,false,,5208227,19683,1,5,null,5474,37,0
1589987851250,369,https://facespreprod.fta.dot.gov:443/suite/rest/a/content/latest/icBUBiUIVyuBs1xJ-V_icVwzN52S_IKnJDHNnraJvtxJTrdhAJiv5w/thumbnail/o;maxWidth=830;maxHeight=400,200,200,TRAMS_TC04 - Smoke Test 4-1,bin,true,,49819,670,1,5,https://facespreprod.fta.dot.gov/suite/rest/a/content/latest/icBUBiUIVyuBs1xJ-V_icVwzN52S_IKnJDHNnraJvtxJTrdhAJiv5w/thumbnail/o;maxWidth=830;maxHeight=400,362,0,0
1589987851589,41,https://facespreprod.fta.dot.gov:443/suite/tempo/ui/fontawesome/fonts/fontawesome-webfont.woff2?v=4.7.0,200,OK,TRAMS_TC02 - Smoke Test 2-1,,true,,77396,692,1,5,https://facespreprod.fta.dot.gov/suite/tempo/ui/fontawesome/fonts/fontawesome-webfont.woff2?v=4.7.0,32,0,0
1589987851606,55,https://facespreprod.fta.dot.gov:443/suite/tempo/fonts/OpenSans-Bold-webfont.woff2,200,OK,TRAMS_TC01 - Smoke Test 1-1,,true,,16511,628,1,5,https://facespreprod.fta.dot.gov/suite/tempo/fonts/OpenSans-Bold-webfont.woff2,55,0,0
1589987851631,34,https://facespreprod.fta.dot.gov:443/suite/personalization/img/nophoto.jpg,200,OK,TRAMS_TC02 - Smoke Test 2-1,bin,true,,3647,585,1,5,https://facespreprod.fta.dot.gov/suite/personalization/img/nophoto.jpg,34,0,0
1589987843667,7946,Login,200,"Number of samples in transaction : 30, number of failing samples : 0",TRAMS_TC02 - Smoke Test 2-1,,true,,6239137,19693,1,5,null,4944,54,0
1589987851620,47,https://facespreprod.fta.dot.gov:443/suite/tempo/ui/sail-client/opensans-bold-appian-15df1fb3e82321d94a0ca758c62e25d2.woff2,200,OK,TRAMS_TC04 - Smoke Test 4-1,,true,,19739,750,1,5,https://facespreprod.fta.dot.gov/suite/tempo/ui/sail-client/opensans-bold-appian-15df1fb3e82321d94a0ca758c62e25d2.woff2,46,0,0
1589987851103,563,/suite/rest/a/user/latest/ablahovec@westmorelandtransit.com/about,200,"Number of samples in transaction : 3, number of failing samples : 0",TRAMS_TC04 - Smoke Test 4-1,,true,,70838,2190,1,5,null,555,1,0
1589987851662,41,https://facespreprod.fta.dot.gov:443/suite/tempo/ui/fontawesome/fonts/fontawesome-webfont.woff2?v=4.7.0,200,OK,TRAMS_TC01 - Smoke Test 1-1,,true,,77396,684,1,5,https://facespreprod.fta.dot.gov/suite/tempo/ui/fontawesome/fonts/fontawesome-webfont.woff2?v=4.7.0,33,0,0
1589987851704,24,https://facespreprod.fta.dot.gov:443/suite/personalization/img/nophoto.jpg,200,OK,TRAMS_TC01 - Smoke Test 1-1,bin,true,,3647,577,1,5,https://facespreprod.fta.dot.gov/suite/personalization/img/nophoto.jpg,24,0,0
1589987843912,7774,Login,200,"Number of samples in transaction : 30, number of failing samples : 0",TRAMS_TC01 - Smoke Test 1-1,,true,,6239045,19469,1,5,null,4749,43,0
1589987851615,215,https://facespreprod.fta.dot.gov:443/suite/rest/a/sites/latest/D6JMim/page/records/nav,200,200,TRAMS_TC03 - Smoke Test 3-1,text,true,,5076,1407,1,5,https://facespreprod.fta.dot.gov/suite/rest/a/sites/latest/D6JMim/page/records/nav,214,0,0
1589987851666,207,https://facespreprod.fta.dot.gov:443/suite/rest/a/sites/latest/D6JMim/page/records/nav,200,200,TRAMS_TC02 - Smoke Test 2-1,text,true,,5071,1406,1,5,https://facespreprod.fta.dot.gov/suite/rest/a/sites/latest/D6JMim/page/records/nav,207,0,0
1589987851667,215,https://facespreprod.fta.dot.gov:443/suite/rest/a/sites/latest/D6JMim/page/records/nav,200,200,TRAMS_TC04 - Smoke Test 4-1,text,true,,4806,1427,1,5,https://facespreprod.fta.dot.gov/suite/rest/a/sites/latest/D6JMim/page/records/nav,215,0,0
1589987851729,182,https://facespreprod.fta.dot.gov:443/suite/rest/a/sites/latest/D6JMim/page/reports/nav,200,200,TRAMS_TC01 - Smoke Test 1-1,text,true,,5074,1398,1,5,https://facespreprod.fta.dot.gov/suite/rest/a/sites/latest/D6JMim/page/reports/nav,182,0,0
1589987851831,138,https://facespreprod.fta.dot.gov:443/suite/rest/a/applications/latest/legacy/sites/D6JMim/page/records,302,302,TRAMS_TC03 - Smoke Test 3-1,text,true,,47238,1135,1,5,https://facespreprod.fta.dot.gov/suite/rest/a/applications/latest/legacy/sites/D6JMim/page/records,131,0,0
1589987851875,238,https://facespreprod.fta.dot.gov:443/suite/rest/a/applications/latest/legacy/sites/D6JMim/page/records,302,302,TRAMS_TC02 - Smoke Test 2-1,text,true,,47238,1134,1,5,https://facespreprod.fta.dot.gov/suite/rest/a/applications/latest/legacy/sites/D6JMim/page/records,226,0,0
1589987851911,207,https://facespreprod.fta.dot.gov:443/suite/rest/a/applications/latest/legacy/sites/D6JMim/page/reports,302,302,TRAMS_TC01 - Smoke Test 1-1,text,true,,47238,1126,1,5,https://facespreprod.fta.dot.gov/suite/rest/a/applications/latest/legacy/sites/D6JMim/page/reports,193,0,0
1589987851884,240,https://facespreprod.fta.dot.gov:443/suite/rest/a/applications/latest/legacy/sites/D6JMim/page/records,302,302,TRAMS_TC04 - Smoke Test 4-1,text,true,,47227,1135,1,5,https://facespreprod.fta.dot.gov/suite/rest/a/applications/latest/legacy/sites/D6JMim/page/records,235,0,0
1589987852119,114,https://facespreprod.fta.dot.gov:443/suite/rest/a/sites/latest/D6JMim/pages/reports/interface,200,200,TRAMS_TC01 - Smoke Test 1-1,text,true,,1997,1117,1,5,https://facespreprod.fta.dot.gov/suite/rest/a/sites/latest/D6JMim/pages/reports/interface,114,0,0
1589987849026,3243,https://facespreprod.fta.dot.gov:443/suite/rest/a/sites/latest/home/pages/home/report,200,200,TRAMS_TC05 - Smoke Test 5-1,text,true,,12005,901,1,5,https://facespreprod.fta.dot.gov/suite/rest/a/sites/latest/home/pages/home/report,3243,0,0
1589987852271,141,https://facespreprod.fta.dot.gov:443/suite/rest/a/content/latest/isBUBiUIVyuBs1xJ-hyitxrzNEh7k1lU2KZOBtU-fW7ivcQwDgnJsoNvWn-/o,200,200,TRAMS_TC05 - Smoke Test 5-1,bin,true,,27013,638,1,5,https://facespreprod.fta.dot.gov/suite/rest/a/content/latest/isBUBiUIVyuBs1xJ-hyitxrzNEh7k1lU2KZOBtU-fW7ivcQwDgnJsoNvWn-/o,134,0,0
1589987852412,123,https://facespreprod.fta.dot.gov:443/suite/rest/a/content/latest/ioBUBiUIVyuBs1xJ-53jNNqyCiFev6APRp-KmjD1G5Rjv5lcSLzMoeNkRo/o,200,200,TRAMS_TC05 - Smoke Test 5-1,bin,true,,2739,637,1,5,https://facespreprod.fta.dot.gov/suite/rest/a/content/latest/ioBUBiUIVyuBs1xJ-53jNNqyCiFev6APRp-KmjD1G5Rjv5lcSLzMoeNkRo/o,122,0,0
1589987852536,34,https://facespreprod.fta.dot.gov:443/suite/tempo/ui/sail-client/opensans-semibold-appian-0dd0a359a053b2b5bb856a9580da9780.woff2,200,OK,TRAMS_TC05 - Smoke Test 5-1,,true,,19879,754,1,5,https://facespreprod.fta.dot.gov/suite/tempo/ui/sail-client/opensans-semibold-appian-0dd0a359a053b2b5bb856a9580da9780.woff2,33,0,0
1589987852234,410,https://facespreprod.fta.dot.gov:443/suite/rest/a/uicontainer/latest/reports,200,200,TRAMS_TC01 - Smoke Test 1-1,text,true,,2704,800,1,5,https://facespreprod.fta.dot.gov/suite/rest/a/uicontainer/latest/reports,409,0,0
1589987852572,75,https://facespreprod.fta.dot.gov:443/suite/tempo/ui/sail-client/embeddedAuthUtility-50f18cd077c75e758ee2.cache.js,200,OK,TRAMS_TC05 - Smoke Test 5-1,text,true,,198588,614,1,5,https://facespreprod.fta.dot.gov/suite/tempo/ui/sail-client/embeddedAuthUtility-50f18cd077c75e758ee2.cache.js,38,0,0
1589987852644,24,https://facespreprod.fta.dot.gov:443/suite/tempo/img/report_generic.png,200,OK,TRAMS_TC01 - Smoke Test 1-1,bin,true,,1383,577,1,5,https://facespreprod.fta.dot.gov/suite/tempo/img/report_generic.png,24,0,0
1589987851729,937,Click on Reports Tab,200,"Number of samples in transaction : 6, number of failing samples : 0",TRAMS_TC01 - Smoke Test 1-1,,true,,58396,5018,1,5,null,922,2,0
1589987851969,752,https://facespreprod.fta.dot.gov:443/suite/rest/a/sites/latest/D6JMim/pages/records/interface,200,200,TRAMS_TC03 - Smoke Test 3-1,text,true,,12310,1126,1,5,https://facespreprod.fta.dot.gov/suite/rest/a/sites/latest/D6JMim/pages/records/interface,751,0,0
1589987852647,98,https://facespreprod.fta.dot.gov:443/suite/cors/ping?cv=2,200,200,TRAMS_TC05 - Smoke Test 5-1,,true,,3351,558,1,5,https://facespreprod.fta.dot.gov/suite/cors/ping?cv=2,98,0,0
1589987852722,37,https://facespreprod.fta.dot.gov:443/suite/tempo/ui/sail-client/opensans-light-appian-83c3deca5df9e979b477c60c55772d98.woff2,200,OK,TRAMS_TC03 - Smoke Test 3-1,,true,,19623,751,1,5,https://facespreprod.fta.dot.gov/suite/tempo/ui/sail-client/opensans-light-appian-83c3deca5df9e979b477c60c55772d98.woff2,36,0,0
1589987852760,23,https://facespreprod.fta.dot.gov:443/suite/tempo/ui/sail-client/opensans-bold-appian-15df1fb3e82321d94a0ca758c62e25d2.woff2,200,OK,TRAMS_TC03 - Smoke Test 3-1,,true,,19739,750,1,5,https://facespreprod.fta.dot.gov/suite/tempo/ui/sail-client/opensans-bold-appian-15df1fb3e82321d94a0ca758c62e25d2.woff2,22,0,0
1589987851615,1165,/suite/rest/a/sites/latest/D6JMim/page/records/nav,200,"Number of samples in transaction : 6, number of failing samples : 0",TRAMS_TC03 - Smoke Test 3-1,,true,,103986,5169,1,5,null,1154,4,0
1589987852124,663,https://facespreprod.fta.dot.gov:443/suite/rest/a/sites/latest/D6JMim/pages/records/interface,200,200,TRAMS_TC04 - Smoke Test 4-1,text,true,,13931,1126,1,5,https://facespreprod.fta.dot.gov/suite/rest/a/sites/latest/D6JMim/pages/records/interface,604,0,0
1589987852788,36,https://facespreprod.fta.dot.gov:443/suite/tempo/ui/sail-client/opensans-light-appian-83c3deca5df9e979b477c60c55772d98.woff2,200,OK,TRAMS_TC04 - Smoke Test 4-1,,true,,19623,751,1,5,https://facespreprod.fta.dot.gov/suite/tempo/ui/sail-client/opensans-light-appian-83c3deca5df9e979b477c60c55772d98.woff2,35,0,0
1589987851667,1154,/suite/rest/a/sites/latest/D6JMim/page/records/nav,200,"Number of samples in transaction : 4, number of failing samples : 0",TRAMS_TC04 - Smoke Test 4-1,,true,,85587,4439,1,5,null,1089,3,0
1589987852669,238,https://facespreprod.fta.dot.gov:443/suite/rest/a/sites/latest/D6JMim/page/reports/nav,200,200,TRAMS_TC01 - Smoke Test 1-1,text,true,,5088,1413,1,5,https://facespreprod.fta.dot.gov/suite/rest/a/sites/latest/D6JMim/page/reports/nav,238,0,0
1589987852114,861,https://facespreprod.fta.dot.gov:443/suite/rest/a/sites/latest/D6JMim/pages/records/interface,200,200,TRAMS_TC02 - Smoke Test 2-1,text,true,,12310,1125,1,5,https://facespreprod.fta.dot.gov/suite/rest/a/sites/latest/D6JMim/pages/records/interface,860,0,0
1589987852976,76,https://facespreprod.fta.dot.gov:443/suite/tempo/ui/sail-client/opensans-light-appian-83c3deca5df9e979b477c60c55772d98.woff2,200,OK,TRAMS_TC02 - Smoke Test 2-1,,true,,19623,750,1,5,https://facespreprod.fta.dot.gov/suite/tempo/ui/sail-client/opensans-light-appian-83c3deca5df9e979b477c60c55772d98.woff2,75,0,0
1589987853053,116,https://facespreprod.fta.dot.gov:443/suite/tempo/ui/sail-client/opensans-bold-appian-15df1fb3e82321d94a0ca758c62e25d2.woff2,200,OK,TRAMS_TC02 - Smoke Test 2-1,,true,,19739,749,1,5,https://facespreprod.fta.dot.gov/suite/tempo/ui/sail-client/opensans-bold-appian-15df1fb3e82321d94a0ca758c62e25d2.woff2,116,0,0
1589987851666,1498,Records Tab,200,"Number of samples in transaction : 6, number of failing samples : 0",TRAMS_TC02 - Smoke Test 2-1,,true,,103981,5164,1,5,null,1484,6,0
1589987852825,397,https://facespreprod.fta.dot.gov:443/suite/rest/a/sites/latest/D6JMim/page/records/nav,200,200,TRAMS_TC04 - Smoke Test 4-1,text,true,,4829,1464,1,5,https://facespreprod.fta.dot.gov/suite/rest/a/sites/latest/D6JMim/page/records/nav,397,0,0
1589987852745,481,https://facespreprod.fta.dot.gov:443/suite/tempo/ui/sail-client/embeddedApp-50f18cd077c75e758ee2.cache.js,200,OK,TRAMS_TC05 - Smoke Test 5-1,text,true,,2117182,606,1,5,https://facespreprod.fta.dot.gov/suite/tempo/ui/sail-client/embeddedApp-50f18cd077c75e758ee2.cache.js,39,0,0
1589987852784,454,https://facespreprod.fta.dot.gov:443/suite/rest/a/sites/latest/D6JMim/page/records/nav,200,200,TRAMS_TC03 - Smoke Test 3-1,text,true,,5086,1437,1,5,https://facespreprod.fta.dot.gov/suite/rest/a/sites/latest/D6JMim/page/records/nav,454,0,0
1589987853170,290,https://facespreprod.fta.dot.gov:443/suite/rest/a/sites/latest/D6JMim/page/records/nav,200,200,TRAMS_TC02 - Smoke Test 2-1,text,true,,5088,1431,1,5,https://facespreprod.fta.dot.gov/suite/rest/a/sites/latest/D6JMim/page/records/nav,290,0,0
1589987853227,313,https://facespreprod.fta.dot.gov:443/suite/rest/a/content/latest/ioBUBiUIVyuBs1xJ-hyitxoxMYHIKdNQ-hbbYRSRPUVfG1N2efHFY6eUJk/custom/o;maxWidth=2000;maxHeight=2000,200,200,TRAMS_TC05 - Smoke Test 5-1,bin,true,,48799,673,1,5,https://facespreprod.fta.dot.gov/suite/rest/a/content/latest/ioBUBiUIVyuBs1xJ-hyitxoxMYHIKdNQ-hbbYRSRPUVfG1N2efHFY6eUJk/custom/o;maxWidth=2000;maxHeight=2000,242,0,0
1589987853540,26,https://facespreprod.fta.dot.gov:443/suite/tempo/ui/sail-client/opensans-bold-appian-15df1fb3e82321d94a0ca758c62e25d2.woff2,200,OK,TRAMS_TC05 - Smoke Test 5-1,,true,,19739,750,1,5,https://facespreprod.fta.dot.gov/suite/tempo/ui/sail-client/opensans-bold-appian-15df1fb3e82321d94a0ca758c62e25d2.woff2,26,0,0
1589987844019,9530,/suite/auth,200,"Number of samples in transaction : 20, number of failing samples : 0",TRAMS_TC05 - Smoke Test 5-1,,true,,5045836,12598,1,5,null,7551,19,0
1589987853567,17,https://facespreprod.fta.dot.gov:443/suite/tempo,302,Found,TRAMS_TC05 - Smoke Test 5-1,text,true,,451,650,1,5,https://facespreprod.fta.dot.gov/suite/tempo,17,0,0
1589987853585,98,https://facespreprod.fta.dot.gov:443/suite/tempo/,302,302,TRAMS_TC05 - Smoke Test 5-1,text,true,,641,651,1,5,https://facespreprod.fta.dot.gov/suite/tempo/,98,0,0
1589987853683,220,https://facespreprod.fta.dot.gov:443/suite/tempo/news,200,200,TRAMS_TC05 - Smoke Test 5-1,text,true,,33911,655,1,5,https://facespreprod.fta.dot.gov/suite/tempo/news,159,0,0
1589987853905,81,https://facespreprod.fta.dot.gov:443/suite/tempo/ui/sail-client/tempo-50f18cd077c75e758ee2.cache.css?appian_environment=tempo,200,OK,TRAMS_TC05 - Smoke Test 5-1,text,true,,290122,641,1,5,https://facespreprod.fta.dot.gov/suite/tempo/ui/sail-client/tempo-50f18cd077c75e758ee2.cache.css?appian_environment=tempo,40,0,0
1589987853987,423,https://facespreprod.fta.dot.gov:443/suite/tempo/ui/sail-client/tempo-50f18cd077c75e758ee2.cache.js?appian_environment=tempo,200,OK,TRAMS_TC05 - Smoke Test 5-1,text,true,,2136918,625,1,5,https://facespreprod.fta.dot.gov/suite/tempo/ui/sail-client/tempo-50f18cd077c75e758ee2.cache.js?appian_environment=tempo,38,0,0
1589987854411,42,https://facespreprod.fta.dot.gov:443/suite/tempo/ui/sail-client/embeddedBootstrap.nocache.js?appian_environment=tempo,200,OK,TRAMS_TC05 - Smoke Test 5-1,text,true,,57605,618,1,5,https://facespreprod.fta.dot.gov/suite/tempo/ui/sail-client/embeddedBootstrap.nocache.js?appian_environment=tempo,31,0,0
1589987854453,22,https://facespreprod.fta.dot.gov:443/suite/tempo/tempo.nocache.js?appian_environment=tempo,200,OK,TRAMS_TC05 - Smoke Test 5-1,text,true,,7321,591,1,5,https://facespreprod.fta.dot.gov/suite/tempo/tempo.nocache.js?appian_environment=tempo,21,0,0
1589987854476,185,https://facespreprod.fta.dot.gov:443/suite/rest/a/sites/latest/D6JMim/page/news/nav,200,200,TRAMS_TC05 - Smoke Test 5-1,text,true,,8566,923,1,5,https://facespreprod.fta.dot.gov/suite/rest/a/sites/latest/D6JMim/page/news/nav,184,0,0
1589987854663,165,https://facespreprod.fta.dot.gov:443/suite/rest/a/applications/latest/legacy/sites/D6JMim/page/news,302,302,TRAMS_TC05 - Smoke Test 5-1,text,true,,59611,939,1,5,https://facespreprod.fta.dot.gov/suite/rest/a/applications/latest/legacy/sites/D6JMim/page/news,152,0,0
1589987854829,21,https://facespreprod.fta.dot.gov:443/suite/tempo/ui/fontawesome/css/font-awesome.min.css,200,OK,TRAMS_TC05 - Smoke Test 5-1,text,true,,8613,604,1,5,https://facespreprod.fta.dot.gov/suite/tempo/ui/fontawesome/css/font-awesome.min.css,21,0,0
1589987854851,223,https://facespreprod.fta.dot.gov:443/suite/tempo/77D79B3E347EF8B230392CC781C01A8A.cache.js,200,OK,TRAMS_TC05 - Smoke Test 5-1,text,true,,1072511,591,1,5,https://facespreprod.fta.dot.gov/suite/tempo/77D79B3E347EF8B230392CC781C01A8A.cache.js,34,0,0
1589987855085,32,https://facespreprod.fta.dot.gov:443/suite/tempo/ui/jquery-bundle.js,200,OK,TRAMS_TC05 - Smoke Test 5-1,text,true,,37157,569,1,5,https://facespreprod.fta.dot.gov/suite/tempo/ui/jquery-bundle.js,28,0,0
1589987853239,1942,https://facespreprod.fta.dot.gov:443/suite/rest/a/sites/latest/D6JMim/pages/records/recordType/applications,200,200,TRAMS_TC03 - Smoke Test 3-1,text,true,,43038,1811,1,5,https://facespreprod.fta.dot.gov/suite/rest/a/sites/latest/D6JMim/pages/records/recordType/applications,1936,0,0
1589987853223,1957,https://facespreprod.fta.dot.gov:443/suite/rest/a/sites/latest/D6JMim/pages/records/recordType/applicationsgrantee,200,200,TRAMS_TC04 - Smoke Test 4-1,text,true,,40996,1825,1,5,https://facespreprod.fta.dot.gov/suite/rest/a/sites/latest/D6JMim/pages/records/recordType/applicationsgrantee,1949,0,0
1589987855118,95,https://facespreprod.fta.dot.gov:443/suite/cors/ping?cv=2,200,200,TRAMS_TC05 - Smoke Test 5-1,,true,,3351,558,1,5,https://facespreprod.fta.dot.gov/suite/cors/ping?cv=2,95,0,0
1589987855185,130,https://facespreprod.fta.dot.gov:443/suite/rest/a/content/latest/isBUBiUIVyuBs1xJ-12gN5oyr3lGIhr5QiDu3kbvU3yDu2CbrndlSJSeimn/custom/o;maxWidth=90;maxHeight=180,200,200,TRAMS_TC04 - Smoke Test 4-1,bin,true,,3577,708,1,5,https://facespreprod.fta.dot.gov/suite/rest/a/content/latest/isBUBiUIVyuBs1xJ-12gN5oyr3lGIhr5QiDu3kbvU3yDu2CbrndlSJSeimn/custom/o;maxWidth=90;maxHeight=180,130,0,0
1589987852824,2484,/suite/rest/a/sites/latest/D6JMim/page/records/nav,200,"Number of samples in transaction : 3, number of failing samples : 0",TRAMS_TC04 - Smoke Test 4-1,,true,,49402,3997,1,5,null,2476,7,0
1589987855184,133,https://facespreprod.fta.dot.gov:443/suite/rest/a/content/latest/isBUBiUIVyuBs1xJ-12gN5oyr3lGIhr5QiDu3kbvU3yDu2CbrndlSJSeimn/custom/o;maxWidth=90;maxHeight=180,200,200,TRAMS_TC03 - Smoke Test 3-1,bin,true,,3577,701,1,5,https://facespreprod.fta.dot.gov/suite/rest/a/content/latest/isBUBiUIVyuBs1xJ-12gN5oyr3lGIhr5QiDu3kbvU3yDu2CbrndlSJSeimn/custom/o;maxWidth=90;maxHeight=180,133,0,0
1589987852784,2529,/suite/rest/a/sites/latest/D6JMim/page/records/nav,200,"Number of samples in transaction : 4, number of failing samples : 0",TRAMS_TC03 - Smoke Test 3-1,,true,,51701,3949,1,5,null,2523,4,0
1589987855214,136,https://facespreprod.fta.dot.gov:443/suite/rest/a/sites/latest/D6JMim/pages/news/interface,200,200,TRAMS_TC05 - Smoke Test 5-1,text,true,,3485,930,1,5,https://facespreprod.fta.dot.gov/suite/rest/a/sites/latest/D6JMim/pages/news/interface,136,0,0
1589987855318,155,https://facespreprod.fta.dot.gov:443/suite/logout,302,302,TRAMS_TC03 - Smoke Test 3-1,,true,,475,681,1,5,https://facespreprod.fta.dot.gov/suite/logout,155,0,0
1589987855318,155,/suite/logout,200,"Number of samples in transaction : 3, number of failing samples : 0",TRAMS_TC03 - Smoke Test 3-1,,true,,475,681,1,5,null,155,0,0
1589987855316,224,https://facespreprod.fta.dot.gov:443/suite/rest/a/sites/latest/D6JMim/pages/records/recordType/applicationsgrantee,200,200,TRAMS_TC04 - Smoke Test 4-1,text,true,,9172,4341,1,5,https://facespreprod.fta.dot.gov/suite/rest/a/sites/latest/D6JMim/pages/records/recordType/applicationsgrantee,224,0,0
1589987855316,224,/suite/rest/a/sites/latest/D6JMim/pages/records/recordType/applicationsgrantee,200,"Number of samples in transaction : 1, number of failing samples : 0",TRAMS_TC04 - Smoke Test 4-1,,true,,9172,4341,1,5,null,224,1,0
1589987855353,193,https://facespreprod.fta.dot.gov:443/suite/tempo/tempoSvc,200,200,TRAMS_TC05 - Smoke Test 5-1,text,true,,74446,1128,1,5,https://facespreprod.fta.dot.gov/suite/tempo/tempoSvc,179,0,0
1589987855546,107,https://facespreprod.fta.dot.gov:443/suite/rest/a/custombranding/latest/branding,200,200,TRAMS_TC05 - Smoke Test 5-1,text,true,,4512,789,1,5,https://facespreprod.fta.dot.gov/suite/rest/a/custombranding/latest/branding,107,0,0
1589987855541,175,https://facespreprod.fta.dot.gov:443/suite/rest/a/sites/latest/D6JMim/page/records/nav,200,200,TRAMS_TC04 - Smoke Test 4-1,text,true,,4807,1567,1,5,https://facespreprod.fta.dot.gov/suite/rest/a/sites/latest/D6JMim/page/records/nav,175,0,0
1589987855654,143,https://facespreprod.fta.dot.gov:443/suite/api/groups/broadcast-targets,200,200,TRAMS_TC05 - Smoke Test 5-1,text,true,,761,740,1,5,https://facespreprod.fta.dot.gov/suite/api/groups/broadcast-targets,143,0,0
1589987855473,673,https://facespreprod.fta.dot.gov:443/suite/auth?appian_environment=tempo,302,302,TRAMS_TC03 - Smoke Test 3-1,,true,,679,891,1,5,https://facespreprod.fta.dot.gov/suite/auth?appian_environment=tempo,673,0,0
1589987856147,16,https://facespreprod.fta.dot.gov:443/suite/tempo,302,Found,TRAMS_TC03 - Smoke Test 3-1,text,true,,451,640,1,5,https://facespreprod.fta.dot.gov/suite/tempo,16,0,0
1589987855798,435,"https://facespreprod.fta.dot.gov:443/suite/api/feed/tempo?t=e,x,b&m=menu-news&st=o",200,200,TRAMS_TC05 - Smoke Test 5-1,text,true,,9293,812,1,5,"https://facespreprod.fta.dot.gov/suite/api/feed/tempo?t=e,x,b&m=menu-news&st=o",434,0,0
1589987856234,23,https://facespreprod.fta.dot.gov:443/suite/tempo/fonts/OpenSans-Regular-webfont.woff2,200,OK,TRAMS_TC05 - Smoke Test 5-1,,true,,15807,626,1,5,https://facespreprod.fta.dot.gov/suite/tempo/fonts/OpenSans-Regular-webfont.woff2,23,0,0
1589987856164,101,https://facespreprod.fta.dot.gov:443/suite/tempo/,302,302,TRAMS_TC03 - Smoke Test 3-1,text,true,,641,641,1,5,https://facespreprod.fta.dot.gov/suite/tempo/,101,0,0
1589987856258,20,https://facespreprod.fta.dot.gov:443/suite/tempo/fonts/OpenSans-Bold-webfont.woff2,200,OK,TRAMS_TC05 - Smoke Test 5-1,,true,,16511,637,1,5,https://facespreprod.fta.dot.gov/suite/tempo/fonts/OpenSans-Bold-webfont.woff2,20,0,0
1589987856279,38,https://facespreprod.fta.dot.gov:443/suite/tempo/ui/fontawesome/fonts/fontawesome-webfont.woff2?v=4.7.0,200,OK,TRAMS_TC05 - Smoke Test 5-1,,true,,77396,693,1,5,https://facespreprod.fta.dot.gov/suite/tempo/ui/fontawesome/fonts/fontawesome-webfont.woff2?v=4.7.0,21,0,0
1589987856318,23,https://facespreprod.fta.dot.gov:443/suite/personalization/img/nophoto.jpg,200,OK,TRAMS_TC05 - Smoke Test 5-1,bin,true,,3647,586,1,5,https://facespreprod.fta.dot.gov/suite/personalization/img/nophoto.jpg,23,0,0
1589987853567,2742,/suite/tempo,200,"Number of samples in transaction : 23, number of failing samples : 0",TRAMS_TC05 - Smoke Test 5-1,,true,,3922636,15556,1,5,null,2004,31,0
1589987856342,172,https://facespreprod.fta.dot.gov:443/suite/rest/a/sites/latest/D6JMim/page/actions/nav,200,200,TRAMS_TC05 - Smoke Test 5-1,text,true,,4749,1427,1,5,https://facespreprod.fta.dot.gov/suite/rest/a/sites/latest/D6JMim/page/actions/nav,172,0,0
1589987856266,293,https://facespreprod.fta.dot.gov:443/suite/tempo/news,200,200,TRAMS_TC03 - Smoke Test 3-1,text,true,,33883,645,1,5,https://facespreprod.fta.dot.gov/suite/tempo/news,222,0,0
1589987856560,203,https://facespreprod.fta.dot.gov:443/suite/rest/a/sites/latest/D6JMim/page/news/nav,200,200,TRAMS_TC03 - Smoke Test 3-1,text,true,,8619,923,1,5,https://facespreprod.fta.dot.gov/suite/rest/a/sites/latest/D6JMim/page/news/nav,202,0,0
1589987853461,3350,https://facespreprod.fta.dot.gov:443/suite/rest/a/sites/latest/D6JMim/pages/records/recordType/project,200,200,TRAMS_TC02 - Smoke Test 2-1,text,true,,47721,1800,1,5,https://facespreprod.fta.dot.gov/suite/rest/a/sites/latest/D6JMim/pages/records/recordType/project,3342,0,0
1589987853170,3640,Select the TrAMS | Projects record,200,"Number of samples in transaction : 3, number of failing samples : 0",TRAMS_TC02 - Smoke Test 2-1,,true,,52809,3231,1,5,null,3632,1,0
1589987856812,132,https://facespreprod.fta.dot.gov:443/suite/logout,302,302,TRAMS_TC02 - Smoke Test 2-1,,true,,475,675,1,5,https://facespreprod.fta.dot.gov/suite/logout,132,0,0
1589987856812,132,Logout,200,"Number of samples in transaction : 3, number of failing samples : 0",TRAMS_TC02 - Smoke Test 2-1,,true,,475,675,1,5,null,132,1,0
1589987856763,208,https://facespreprod.fta.dot.gov:443/suite/rest/a/applications/latest/legacy/sites/D6JMim/page/news,302,302,TRAMS_TC03 - Smoke Test 3-1,text,true,,59600,939,1,5,https://facespreprod.fta.dot.gov/suite/rest/a/applications/latest/legacy/sites/D6JMim/page/news,175,0,0
1589987856516,494,https://facespreprod.fta.dot.gov:443/suite/rest/a/applications/latest/legacy/sites/D6JMim/page/actions,302,302,TRAMS_TC05 - Smoke Test 5-1,text,true,,47242,1135,1,5,https://facespreprod.fta.dot.gov/suite/rest/a/applications/latest/legacy/sites/D6JMim/page/actions,422,0,0
1589987856972,113,https://facespreprod.fta.dot.gov:443/suite/rest/a/sites/latest/D6JMim/pages/news/interface,200,200,TRAMS_TC03 - Smoke Test 3-1,text,true,,3476,930,1,5,https://facespreprod.fta.dot.gov/suite/rest/a/sites/latest/D6JMim/pages/news/interface,113,0,0
1589987857010,107,https://facespreprod.fta.dot.gov:443/suite/rest/a/sites/latest/D6JMim/pages/actions/interface,200,200,TRAMS_TC05 - Smoke Test 5-1,text,true,,2000,1126,1,5,https://facespreprod.fta.dot.gov/suite/rest/a/sites/latest/D6JMim/pages/actions/interface,107,0,0
1589987857086,188,https://facespreprod.fta.dot.gov:443/suite/tempo/tempoSvc,200,200,TRAMS_TC03 - Smoke Test 3-1,text,true,,74409,1104,1,5,https://facespreprod.fta.dot.gov/suite/tempo/tempoSvc,177,0,0
1589987857117,245,https://facespreprod.fta.dot.gov:443/suite/api/feed/tempo?m=menu-actions&c=0,200,200,TRAMS_TC05 - Smoke Test 5-1,text,true,,4475,809,1,5,https://facespreprod.fta.dot.gov/suite/api/feed/tempo?m=menu-actions&c=0,245,0,0
1589987857275,90,https://facespreprod.fta.dot.gov:443/suite/cors/ping?cv=2,200,200,TRAMS_TC03 - Smoke Test 3-1,,true,,3328,558,1,5,https://facespreprod.fta.dot.gov/suite/cors/ping?cv=2,90,0,0
1589987856945,448,https://facespreprod.fta.dot.gov:443/suite/auth?appian_environment=tempo,302,302,TRAMS_TC02 - Smoke Test 2-1,,true,,678,890,1,5,https://facespreprod.fta.dot.gov/suite/auth?appian_environment=tempo,448,0,0
1589987857393,24,https://facespreprod.fta.dot.gov:443/suite/tempo,302,Found,TRAMS_TC02 - Smoke Test 2-1,text,true,,451,639,1,5,https://facespreprod.fta.dot.gov/suite/tempo,24,0,0
1589987857366,93,https://facespreprod.fta.dot.gov:443/suite/rest/a/custombranding/latest/branding,200,200,TRAMS_TC03 - Smoke Test 3-1,text,true,,4512,789,1,5,https://facespreprod.fta.dot.gov/suite/rest/a/custombranding/latest/branding,93,0,0
1589987857417,109,https://facespreprod.fta.dot.gov:443/suite/tempo/,302,302,TRAMS_TC02 - Smoke Test 2-1,text,true,,641,640,1,5,https://facespreprod.fta.dot.gov/suite/tempo/,109,0,0
1589987857363,233,https://facespreprod.fta.dot.gov:443/suite/api/tempo/open-a-case/available-actions?ids=[],200,200,TRAMS_TC05 - Smoke Test 5-1,text,true,,4222,761,1,5,https://facespreprod.fta.dot.gov/suite/api/tempo/open-a-case/available-actions?ids=[],233,0,0
1589987856341,1251,/suite/rest/a/sites/latest/D6JMim/page/actions/nav,200,"Number of samples in transaction : 6, number of failing samples : 0",TRAMS_TC05 - Smoke Test 5-1,,true,,62688,5258,1,5,null,1179,6,0
1589987857460,150,https://facespreprod.fta.dot.gov:443/suite/api/groups/broadcast-targets,200,200,TRAMS_TC03 - Smoke Test 3-1,text,true,,761,740,1,5,https://facespreprod.fta.dot.gov/suite/api/groups/broadcast-targets,150,0,0
1589987857527,176,https://facespreprod.fta.dot.gov:443/suite/tempo/news,200,200,TRAMS_TC02 - Smoke Test 2-1,text,true,,33883,644,1,5,https://facespreprod.fta.dot.gov/suite/tempo/news,168,0,0
1589987857704,19,https://facespreprod.fta.dot.gov:443/suite/tempo/ui/sail-client/embeddedBootstrap.nocache.js?appian_environment=tempo,304,Not Modified,TRAMS_TC02 - Smoke Test 2-1,,true,,218,705,1,5,https://facespreprod.fta.dot.gov/suite/tempo/ui/sail-client/embeddedBootstrap.nocache.js?appian_environment=tempo,0,0,0
1589987857724,19,https://facespreprod.fta.dot.gov:443/suite/tempo/tempo.nocache.js?appian_environment=tempo,304,Not Modified,TRAMS_TC02 - Smoke Test 2-1,,true,,217,677,1,5,https://facespreprod.fta.dot.gov/suite/tempo/tempo.nocache.js?appian_environment=tempo,0,0,0
1589987857599,183,https://facespreprod.fta.dot.gov:443/suite/rest/a/sites/latest/D6JMim/page/actions/nav,200,200,TRAMS_TC05 - Smoke Test 5-1,text,true,,4762,1541,1,5,https://facespreprod.fta.dot.gov/suite/rest/a/sites/latest/D6JMim/page/actions/nav,183,0,0
1589987857783,113,https://facespreprod.fta.dot.gov:443/suite/api/tempo/open-a-case/action/k0BUBiUIVyuBs1xJ-12gN1pze0EuL7JCdrbrZYfkxyASCJy-9pRVoGajhGLCK0qcm8W42YrZBNxRJZWTIYuygY-GuBM72pk6ZjeldfSXg,200,200,TRAMS_TC05 - Smoke Test 5-1,text,true,,1312,1315,1,5,https://facespreprod.fta.dot.gov/suite/api/tempo/open-a-case/action/k0BUBiUIVyuBs1xJ-12gN1pze0EuL7JCdrbrZYfkxyASCJy-9pRVoGajhGLCK0qcm8W42YrZBNxRJZWTIYuygY-GuBM72pk6ZjeldfSXg,113,0,0
1589987857744,171,https://facespreprod.fta.dot.gov:443/suite/rest/a/sites/latest/D6JMim/page/news/nav,200,200,TRAMS_TC02 - Smoke Test 2-1,text,true,,8615,922,1,5,https://facespreprod.fta.dot.gov/suite/rest/a/sites/latest/D6JMim/page/news/nav,170,0,0
1589987857898,138,https://facespreprod.fta.dot.gov:443/suite/rest/a/model/latest/3346/form,200,200,TRAMS_TC05 - Smoke Test 5-1,text,true,,1380,1210,1,5,https://facespreprod.fta.dot.gov/suite/rest/a/model/latest/3346/form,138,0,0
1589987857611,434,"https://facespreprod.fta.dot.gov:443/suite/api/feed/tempo?t=e,x,b&m=menu-news&st=o",200,200,TRAMS_TC03 - Smoke Test 3-1,text,true,,9063,863,1,5,"https://facespreprod.fta.dot.gov/suite/api/feed/tempo?t=e,x,b&m=menu-news&st=o",433,0,0
1589987855473,2562,/suite/auth,200,"Number of samples in transaction : 14, number of failing samples : 0",TRAMS_TC03 - Smoke Test 3-1,,true,,199422,9663,1,5,null,2445,10,0
1589987857916,150,https://facespreprod.fta.dot.gov:443/suite/rest/a/applications/latest/legacy/sites/D6JMim/page/news,302,302,TRAMS_TC02 - Smoke Test 2-1,text,true,,59600,938,1,5,https://facespreprod.fta.dot.gov/suite/rest/a/applications/latest/legacy/sites/D6JMim/page/news,144,0,0
1589987855716,2361,https://facespreprod.fta.dot.gov:443/suite/rest/a/sites/latest/D6JMim/page/records/record/lcBUBiUIVyuBs1xJ-13m5E1iQstBV1JBl5EpcMlkuxPmXbadMOQHhuIXrntdnE3_Y2Nj83n5w_Si7uWehArp26ISSnCQ8TtCM8kcjrmQvHIxzfYTfB-5lk/view/summary,200,200,TRAMS_TC04 - Smoke Test 4-1,text,true,,16519,2524,1,5,https://facespreprod.fta.dot.gov/suite/rest/a/sites/latest/D6JMim/page/records/record/lcBUBiUIVyuBs1xJ-13m5E1iQstBV1JBl5EpcMlkuxPmXbadMOQHhuIXrntdnE3_Y2Nj83n5w_Si7uWehArp26ISSnCQ8TtCM8kcjrmQvHIxzfYTfB-5lk/view/summary,2359,0,0
1589987855541,2536,/suite/rest/a/sites/latest/D6JMim/page/records/nav,200,"Number of samples in transaction : 2, number of failing samples : 0",TRAMS_TC04 - Smoke Test 4-1,,true,,21326,4091,1,5,null,2534,0,0
1589987858066,91,https://facespreprod.fta.dot.gov:443/suite/cors/ping?cv=2,200,200,TRAMS_TC02 - Smoke Test 2-1,,true,,3325,557,1,5,https://facespreprod.fta.dot.gov/suite/cors/ping?cv=2,91,0,0
1589987858046,179,https://facespreprod.fta.dot.gov:443/suite/rest/a/sites/latest/D6JMim/page/records/nav,200,200,TRAMS_TC03 - Smoke Test 3-1,text,true,,4815,1427,1,5,https://facespreprod.fta.dot.gov/suite/rest/a/sites/latest/D6JMim/page/records/nav,179,0,0
1589987858077,174,https://facespreprod.fta.dot.gov:443/suite/rest/a/sites/latest/D6JMim/page/records/nav,200,200,TRAMS_TC04 - Smoke Test 4-1,text,true,,4817,1567,1,5,https://facespreprod.fta.dot.gov/suite/rest/a/sites/latest/D6JMim/page/records/nav,174,0,0
1589987858158,164,https://facespreprod.fta.dot.gov:443/suite/tempo/tempoSvc,200,200,TRAMS_TC02 - Smoke Test 2-1,text,true,,74410,1127,1,5,https://facespreprod.fta.dot.gov/suite/tempo/tempoSvc,156,0,0
1589987858226,140,https://facespreprod.fta.dot.gov:443/suite/rest/a/applications/latest/legacy/sites/D6JMim/page/records,302,302,TRAMS_TC03 - Smoke Test 3-1,text,true,,47231,1135,1,5,https://facespreprod.fta.dot.gov/suite/rest/a/applications/latest/legacy/sites/D6JMim/page/records,135,0,0
1589987858323,107,https://facespreprod.fta.dot.gov:443/suite/rest/a/sites/latest/D6JMim/pages/news/interface,200,200,TRAMS_TC02 - Smoke Test 2-1,text,true,,3480,929,1,5,https://facespreprod.fta.dot.gov/suite/rest/a/sites/latest/D6JMim/pages/news/interface,107,0,0
1589987858431,100,https://facespreprod.fta.dot.gov:443/suite/rest/a/custombranding/latest/branding,200,200,TRAMS_TC02 - Smoke Test 2-1,text,true,,4512,788,1,5,https://facespreprod.fta.dot.gov/suite/rest/a/custombranding/latest/branding,100,0,0
1589987858367,303,https://facespreprod.fta.dot.gov:443/suite/rest/a/sites/latest/D6JMim/pages/records/interface,200,200,TRAMS_TC03 - Smoke Test 3-1,text,true,,13927,1126,1,5,https://facespreprod.fta.dot.gov/suite/rest/a/sites/latest/D6JMim/pages/records/interface,302,0,0
1589987858046,622,/suite/rest/a/sites/latest/D6JMim/page/records/nav,200,"Number of samples in transaction : 4, number of failing samples : 0",TRAMS_TC03 - Smoke Test 3-1,,true,,65973,3688,1,5,null,616,3,0
1589987858533,285,https://facespreprod.fta.dot.gov:443/suite/api/groups/broadcast-targets,200,200,TRAMS_TC02 - Smoke Test 2-1,text,true,,761,739,1,5,https://facespreprod.fta.dot.gov/suite/api/groups/broadcast-targets,285,0,0
1589987858673,200,https://facespreprod.fta.dot.gov:443/suite/rest/a/sites/latest/D6JMim/page/records/nav,200,200,TRAMS_TC03 - Smoke Test 3-1,text,true,,4824,1464,1,5,https://facespreprod.fta.dot.gov/suite/rest/a/sites/latest/D6JMim/page/records/nav,200,0,0
1589987858819,390,"https://facespreprod.fta.dot.gov:443/suite/api/feed/tempo?t=e,x,b&m=menu-news&st=o",200,200,TRAMS_TC02 - Smoke Test 2-1,text,true,,9063,862,1,5,"https://facespreprod.fta.dot.gov/suite/api/feed/tempo?t=e,x,b&m=menu-news&st=o",390,0,0
1589987856945,2253,Login,200,"Number of samples in transaction : 16, number of failing samples : 0",TRAMS_TC02 - Smoke Test 2-1,,true,,199854,11057,1,5,null,2192,12,0
1589987858038,1175,https://facespreprod.fta.dot.gov:443/suite/rest/a/model/latest/3346,201,201,TRAMS_TC05 - Smoke Test 5-1,text,true,,76163,1275,1,5,https://facespreprod.fta.dot.gov/suite/rest/a/model/latest/3346,1159,0,0
1589987859215,32,https://facespreprod.fta.dot.gov:443/suite/tempo/ui/sail-client/opensans-light-appian-83c3deca5df9e979b477c60c55772d98.woff2,200,OK,TRAMS_TC05 - Smoke Test 5-1,,true,,19623,751,1,5,https://facespreprod.fta.dot.gov/suite/tempo/ui/sail-client/opensans-light-appian-83c3deca5df9e979b477c60c55772d98.woff2,31,0,0
1589987857598,1641,/suite/rest/a/sites/latest/D6JMim/page/actions/nav,200,"Number of samples in transaction : 6, number of failing samples : 0",TRAMS_TC05 - Smoke Test 5-1,,true,,103240,6092,1,5,null,1624,8,0
1589987859210,168,https://facespreprod.fta.dot.gov:443/suite/rest/a/sites/latest/D6JMim/page/records/nav,200,200,TRAMS_TC02 - Smoke Test 2-1,text,true,,4812,1412,1,5,https://facespreprod.fta.dot.gov/suite/rest/a/sites/latest/D6JMim/page/records/nav,168,0,0
1589987858875,504,https://facespreprod.fta.dot.gov:443/suite/rest/a/sites/latest/D6JMim/pages/records/recordType/applicationsgrantee,200,200,TRAMS_TC03 - Smoke Test 3-1,text,true,,40990,1825,1,5,https://facespreprod.fta.dot.gov/suite/rest/a/sites/latest/D6JMim/pages/records/recordType/applicationsgrantee,495,0,0
1589987859252,169,https://facespreprod.fta.dot.gov:443/suite/rest/a/task/latest/-268335938/form,200,200,TRAMS_TC05 - Smoke Test 5-1,text,true,,6691,3104,1,5,https://facespreprod.fta.dot.gov/suite/rest/a/task/latest/-268335938/form,169,0,0
1589987859251,169,/suite/rest/a/task/latest/-536799636/form,200,"Number of samples in transaction : 2, number of failing samples : 0",TRAMS_TC05 - Smoke Test 5-1,,true,,6691,3104,1,5,null,169,2,0
1589987859380,120,https://facespreprod.fta.dot.gov:443/suite/rest/a/content/latest/isBUBiUIVyuBs1xJ-12gN5oyr3lGIhr5QiDu3kbvU3yDu2CbrndlSJSeimn/custom/o;maxWidth=90;maxHeight=180,200,200,TRAMS_TC03 - Smoke Test 3-1,bin,true,,3577,824,1,5,https://facespreprod.fta.dot.gov/suite/rest/a/content/latest/isBUBiUIVyuBs1xJ-12gN5oyr3lGIhr5QiDu3kbvU3yDu2CbrndlSJSeimn/custom/o;maxWidth=90;maxHeight=180,120,0,0
1589987858672,824,/suite/rest/a/sites/latest/D6JMim/page/records/nav,200,"Number of samples in transaction : 4, number of failing samples : 0",TRAMS_TC03 - Smoke Test 3-1,,true,,49391,4113,1,5,null,815,5,0
1589987859379,148,https://facespreprod.fta.dot.gov:443/suite/rest/a/applications/latest/legacy/sites/D6JMim/page/records,302,302,TRAMS_TC02 - Smoke Test 2-1,text,true,,47227,1120,1,5,https://facespreprod.fta.dot.gov/suite/rest/a/applications/latest/legacy/sites/D6JMim/page/records,132,0,0
1589987859422,179,https://facespreprod.fta.dot.gov:443/suite/rest/a/task/latest/-268335938/form,200,200,TRAMS_TC05 - Smoke Test 5-1,text,true,,2758,3198,1,5,https://facespreprod.fta.dot.gov/suite/rest/a/task/latest/-268335938/form,178,0,0
1589987859422,179,/suite/rest/a/task/latest/-536799636/form,200,"Number of samples in transaction : 2, number of failing samples : 0",TRAMS_TC05 - Smoke Test 5-1,,true,,2758,3198,1,5,null,178,0,0
1589987859502,150,https://facespreprod.fta.dot.gov:443/suite/logout,302,302,TRAMS_TC03 - Smoke Test 3-1,,true,,475,688,1,5,https://facespreprod.fta.dot.gov/suite/logout,150,0,0
1589987859502,150,/suite/logout,200,"Number of samples in transaction : 3, number of failing samples : 0",TRAMS_TC03 - Smoke Test 3-1,,true,,475,688,1,5,null,150,1,0
1589987858252,1488,https://facespreprod.fta.dot.gov:443/suite/rest/a/sites/latest/D6JMim/page/records/record/lcBUBiUIVyuBs1xJ-13m5E1iQstBV1JBl5EpcMlkuxPmXbadMOQHhuIXrntdnE3_Y2Nj83n5w_Si7uWehArp26ISSnCQ8TtCM8kcjrmQvHIxzfYTfB-5lk/view/actions,200,200,TRAMS_TC04 - Smoke Test 4-1,text,true,,14333,2654,1,4,https://facespreprod.fta.dot.gov/suite/rest/a/sites/latest/D6JMim/page/records/record/lcBUBiUIVyuBs1xJ-13m5E1iQstBV1JBl5EpcMlkuxPmXbadMOQHhuIXrntdnE3_Y2Nj83n5w_Si7uWehArp26ISSnCQ8TtCM8kcjrmQvHIxzfYTfB-5lk/view/actions,1488,0,0
1589987858077,1662,/suite/rest/a/sites/latest/D6JMim/page/records/nav,200,"Number of samples in transaction : 2, number of failing samples : 0",TRAMS_TC04 - Smoke Test 4-1,,true,,19150,4221,1,4,null,1662,2,0
1589987859528,233,https://facespreprod.fta.dot.gov:443/suite/rest/a/sites/latest/D6JMim/pages/records/interface,200,200,TRAMS_TC02 - Smoke Test 2-1,text,true,,13925,1125,1,4,https://facespreprod.fta.dot.gov/suite/rest/a/sites/latest/D6JMim/pages/records/interface,233,0,0
1589987859210,549,Records Tab,200,"Number of samples in transaction : 4, number of failing samples : 0",TRAMS_TC02 - Smoke Test 2-1,,true,,65964,3657,1,4,null,533,3,0
1589987859601,172,https://facespreprod.fta.dot.gov:443/suite/rest/a/task/latest/-268335938/form,200,200,TRAMS_TC05 - Smoke Test 5-1,text,true,,6634,3814,1,4,https://facespreprod.fta.dot.gov/suite/rest/a/task/latest/-268335938/form,172,0,0
1589987859601,172,/suite/rest/a/task/latest/-536799636/form,200,"Number of samples in transaction : 2, number of failing samples : 0",TRAMS_TC05 - Smoke Test 5-1,,true,,6634,3814,1,4,null,172,0,0
1589987859741,95,https://facespreprod.fta.dot.gov:443/suite/rest/a/logging/latest/usage/flush,204,204,TRAMS_TC04 - Smoke Test 4-1,,true,,712,1177,1,4,https://facespreprod.fta.dot.gov/suite/rest/a/logging/latest/usage/flush,0,0,0
1589987859741,95,/suite/rest/a/logging/latest/usage/flush,200,"Number of samples in transaction : 1, number of failing samples : 0",TRAMS_TC04 - Smoke Test 4-1,,true,,712,1177,1,4,null,0,1,0
1589987859774,153,https://facespreprod.fta.dot.gov:443/suite/rest/a/task/latest/-268335938/form,200,200,TRAMS_TC05 - Smoke Test 5-1,text,true,,2399,3079,1,4,https://facespreprod.fta.dot.gov/suite/rest/a/task/latest/-268335938/form,153,0,0
1589987859762,207,https://facespreprod.fta.dot.gov:443/suite/rest/a/sites/latest/D6JMim/page/records/nav,200,200,TRAMS_TC02 - Smoke Test 2-1,text,true,,4823,1459,1,4,https://facespreprod.fta.dot.gov/suite/rest/a/sites/latest/D6JMim/page/records/nav,207,0,0
1589987859837,180,https://facespreprod.fta.dot.gov:443/suite/rest/a/sites/latest/D6JMim/page/records/nav,200,200,TRAMS_TC04 - Smoke Test 4-1,text,true,,4813,1646,1,4,https://facespreprod.fta.dot.gov/suite/rest/a/sites/latest/D6JMim/page/records/nav,179,0,0
1589987860019,573,https://facespreprod.fta.dot.gov:443/suite/rest/a/sites/latest/D6JMim/page/records/record/lcBUBiUIVyuBs1xJ-13m5E1iQstBV1JBl5EpcMlkuxPmXbadMOQHhuIXrntdnE3_Y2Nj83n5w_Si7uWehArp26ISSnCQ8TtCM8kcjrmQvHIxzfYTfB-5lk/view/actions?shouldEvaluateBody=false,200,200,TRAMS_TC04 - Smoke Test 4-1,text,true,,10716,1516,1,4,https://facespreprod.fta.dot.gov/suite/rest/a/sites/latest/D6JMim/page/records/record/lcBUBiUIVyuBs1xJ-13m5E1iQstBV1JBl5EpcMlkuxPmXbadMOQHhuIXrntdnE3_Y2Nj83n5w_Si7uWehArp26ISSnCQ8TtCM8kcjrmQvHIxzfYTfB-5lk/view/actions?shouldEvaluateBody=false,573,0,0
1589987860593,149,https://facespreprod.fta.dot.gov:443/suite/rest/a/record/latest/applicationsgrantee/jsBUBiUIVyuBs1xJ703yIY0npQSjpZq7l-9eh-qV1fEIoW1jU21OjR67ez-dqNVOKWqirirBqZMJuYPQQ/actions/jkBUBiUIVyuBs1xJ703yIY0npQSjpZq7l-9eh-qV1fEI4dAF_2GOJuDlqDRjtlAsR7RFLJYMKn7T00,200,200,TRAMS_TC04 - Smoke Test 4-1,text,true,,1380,2782,1,4,https://facespreprod.fta.dot.gov/suite/rest/a/record/latest/applicationsgrantee/jsBUBiUIVyuBs1xJ703yIY0npQSjpZq7l-9eh-qV1fEIoW1jU21OjR67ez-dqNVOKWqirirBqZMJuYPQQ/actions/jkBUBiUIVyuBs1xJ703yIY0npQSjpZq7l-9eh-qV1fEI4dAF_2GOJuDlqDRjtlAsR7RFLJYMKn7T00,149,0,0
1589987859928,934,https://facespreprod.fta.dot.gov:443/suite/rest/a/task/latest/-268335938/form,201,201,TRAMS_TC05 - Smoke Test 5-1,text,true,,55336,3463,1,4,https://facespreprod.fta.dot.gov/suite/rest/a/task/latest/-268335938/form,921,0,0
1589987859773,1087,/suite/rest/a/task/latest/-536799636/form,200,"Number of samples in transaction : 3, number of failing samples : 0",TRAMS_TC05 - Smoke Test 5-1,,true,,57735,6542,1,4,null,1074,5,0
1589987860866,188,https://facespreprod.fta.dot.gov:443/suite/rest/a/task/latest/-268335760/form,200,200,TRAMS_TC05 - Smoke Test 5-1,text,true,,6388,10818,1,4,https://facespreprod.fta.dot.gov/suite/rest/a/task/latest/-268335760/form,188,0,0
1589987860865,188,/suite/rest/a/task/latest/-536799398/form,200,"Number of samples in transaction : 2, number of failing samples : 0",TRAMS_TC05 - Smoke Test 5-1,,true,,6388,10818,1,4,null,188,1,0
1589987852908,8693,https://facespreprod.fta.dot.gov:443/suite/rest/a/sites/latest/D6JMim/pages/reports/report/SrnPZw/reportlink,200,200,TRAMS_TC01 - Smoke Test 1-1,text,true,,31468,1144,1,4,https://facespreprod.fta.dot.gov/suite/rest/a/sites/latest/D6JMim/pages/reports/report/SrnPZw/reportlink,8626,0,0
1589987861603,168,https://facespreprod.fta.dot.gov:443/suite/rest/a/sites/latest/D6JMim/page/reports/nav,200,200,TRAMS_TC01 - Smoke Test 1-1,text,true,,5086,1413,1,4,https://facespreprod.fta.dot.gov/suite/rest/a/sites/latest/D6JMim/page/reports/nav,168,0,0
1589987861772,166,https://facespreprod.fta.dot.gov:443/suite/rest/a/sites/latest/D6JMim/page/reports/nav,200,200,TRAMS_TC01 - Smoke Test 1-1,text,true,,5085,1413,1,4,https://facespreprod.fta.dot.gov/suite/rest/a/sites/latest/D6JMim/page/reports/nav,165,0,0
1589987861940,255,https://facespreprod.fta.dot.gov:443/suite/rest/a/sites/latest/D6JMim/page/reports/nav,200,200,TRAMS_TC01 - Smoke Test 1-1,text,true,,5085,1413,1,4,https://facespreprod.fta.dot.gov/suite/rest/a/sites/latest/D6JMim/page/reports/nav,254,0,0
1589987852668,9520,Select Cyclical - Most Recent,200,"Number of samples in transaction : 6, number of failing samples : 0",TRAMS_TC01 - Smoke Test 1-1,,true,,51812,6796,1,4,null,9451,7,0
1589987859972,2307,https://facespreprod.fta.dot.gov:443/suite/rest/a/sites/latest/D6JMim/pages/records/recordType/projectsgrantee,200,200,TRAMS_TC02 - Smoke Test 2-1,text,true,,47796,1816,1,4,https://facespreprod.fta.dot.gov/suite/rest/a/sites/latest/D6JMim/pages/records/recordType/projectsgrantee,2281,0,0
1589987859762,2514,Select the TrAMS | Projects record,200,"Number of samples in transaction : 3, number of failing samples : 0",TRAMS_TC02 - Smoke Test 2-1,,true,,52619,3275,1,4,null,2488,4,0
1589987862280,311,https://facespreprod.fta.dot.gov:443/suite/logout,302,302,TRAMS_TC02 - Smoke Test 2-1,,true,,475,683,1,4,https://facespreprod.fta.dot.gov/suite/logout,311,0,0
1589987862280,311,Logout,200,"Number of samples in transaction : 3, number of failing samples : 0",TRAMS_TC02 - Smoke Test 2-1,,true,,475,683,1,4,null,311,2,0
1589987860743,1937,https://facespreprod.fta.dot.gov:443/suite/rest/a/record/latest/applicationsgrantee/jsBUBiUIVyuBs1xJ703yIY0npQSjpZq7l-9eh-qV1fEIoW1jU21OjR67ez-dqNVOKWqirirBqZMJuYPQQ/actions/jkBUBiUIVyuBs1xJ703yIY0npQSjpZq7l-9eh-qV1fEI4dAF_2GOJuDlqDRjtlAsR7RFLJYMKn7T00,201,201,TRAMS_TC04 - Smoke Test 4-1,text,true,,47857,2846,1,3,https://facespreprod.fta.dot.gov/suite/rest/a/record/latest/applicationsgrantee/jsBUBiUIVyuBs1xJ703yIY0npQSjpZq7l-9eh-qV1fEIoW1jU21OjR67ez-dqNVOKWqirirBqZMJuYPQQ/actions/jkBUBiUIVyuBs1xJ703yIY0npQSjpZq7l-9eh-qV1fEI4dAF_2GOJuDlqDRjtlAsR7RFLJYMKn7T00,1868,0,0
1589987859837,2839,/suite/rest/a/sites/latest/D6JMim/page/records/nav,200,"Number of samples in transaction : 4, number of failing samples : 0",TRAMS_TC04 - Smoke Test 4-1,,true,,64766,8790,1,3,null,2769,5,0
1589987862681,330,https://facespreprod.fta.dot.gov:443/suite/rest/a/task/latest/536936631/form,200,200,TRAMS_TC04 - Smoke Test 4-1,text,true,,2964,4136,1,3,https://facespreprod.fta.dot.gov/suite/rest/a/task/latest/536936631/form,330,0,0
1589987862681,330,/suite/rest/a/task/latest/-1342169376/form,200,"Number of samples in transaction : 1, number of failing samples : 0",TRAMS_TC04 - Smoke Test 4-1,,true,,2964,4136,1,3,null,330,0,0
1589987863012,311,https://facespreprod.fta.dot.gov:443/suite/rest/a/task/latest/536936631/form,500,500,TRAMS_TC04 - Smoke Test 4-1,text,false,,1200,4121,1,3,https://facespreprod.fta.dot.gov/suite/rest/a/task/latest/536936631/form,310,0,0
1589987863323,264,https://facespreprod.fta.dot.gov:443/suite/rest/a/task/latest/536936631/form,200,200,TRAMS_TC04 - Smoke Test 4-1,text,true,,2690,4414,1,3,https://facespreprod.fta.dot.gov/suite/rest/a/task/latest/536936631/form,264,0,0
1589987863011,575,/suite/rest/a/task/latest/-1342169376/form,,"Number of samples in transaction : 2, number of failing samples : 1",TRAMS_TC04 - Smoke Test 4-1,,false,,3890,8535,1,3,null,574,2,0
1589987863588,100,https://facespreprod.fta.dot.gov:443/suite/rest/a/content/latest/NotFound/o,500,500,TRAMS_TC04 - Smoke Test 4-1,text,false,,821,792,1,3,https://facespreprod.fta.dot.gov/suite/rest/a/content/latest/NotFound/o,100,0,0
1589987863588,100,/suite/rest/a/content/latest/ioBUBiUIVyuBs1xJ-12gNlqy2JaoCAY_wv7-01Cny-a60CC9kJvrI1ETAE/o,,"Number of samples in transaction : 1, number of failing samples : 1",TRAMS_TC04 - Smoke Test 4-1,,false,,821,792,1,3,null,100,0,0
1589987863689,372,https://facespreprod.fta.dot.gov:443/suite/logout,302,302,TRAMS_TC04 - Smoke Test 4-1,,true,,475,870,1,3,https://facespreprod.fta.dot.gov/suite/logout,372,0,0
1589987863688,372,/suite/logout,200,"Number of samples in transaction : 2, number of failing samples : 0",TRAMS_TC04 - Smoke Test 4-1,,true,,475,870,1,3,null,372,2,0
1589987861055,3945,https://facespreprod.fta.dot.gov:443/suite/rest/a/task/latest/-268335760/form,201,201,TRAMS_TC05 - Smoke Test 5-1,text,true,,51931,3809,1,2,https://facespreprod.fta.dot.gov/suite/rest/a/task/latest/-268335760/form,3940,0,0
1589987861054,3945,/suite/rest/a/task/latest/-536799398/form,200,"Number of samples in transaction : 2, number of failing samples : 0",TRAMS_TC05 - Smoke Test 5-1,,true,,51931,3809,1,2,null,3940,2,0
1589987865000,155,https://facespreprod.fta.dot.gov:443/suite/logout,302,302,TRAMS_TC05 - Smoke Test 5-1,,true,,475,765,1,2,https://facespreprod.fta.dot.gov/suite/logout,155,0,0
1589987865000,155,/suite/logout,200,"Number of samples in transaction : 3, number of failing samples : 0",TRAMS_TC05 - Smoke Test 5-1,,true,,475,765,1,2,null,155,0,0
1589987862197,7270,https://facespreprod.fta.dot.gov:443/suite/rest/a/sites/latest/D6JMim/pages/reports/report/SrnPZw/reportlink,200,200,TRAMS_TC01 - Smoke Test 1-1,text,true,,31821,1144,1,1,https://facespreprod.fta.dot.gov/suite/rest/a/sites/latest/D6JMim/pages/reports/report/SrnPZw/reportlink,7250,0,0
1589987869468,7324,https://facespreprod.fta.dot.gov:443/suite/rest/a/sites/latest/D6JMim/pages/reports/report/SrnPZw/reportlink,200,200,TRAMS_TC01 - Smoke Test 1-1,text,true,,31817,1144,1,1,https://facespreprod.fta.dot.gov/suite/rest/a/sites/latest/D6JMim/pages/reports/report/SrnPZw/reportlink,7246,0,0
1589987876792,7552,https://facespreprod.fta.dot.gov:443/suite/rest/a/sites/latest/D6JMim/pages/reports/report/SrnPZw/reportlink,200,200,TRAMS_TC01 - Smoke Test 1-1,text,true,,31803,1144,1,1,https://facespreprod.fta.dot.gov/suite/rest/a/sites/latest/D6JMim/pages/reports/report/SrnPZw/reportlink,7480,0,0
1589987884344,7395,https://facespreprod.fta.dot.gov:443/suite/rest/a/sites/latest/D6JMim/pages/reports/report/SrnPZw/reportlink,200,200,TRAMS_TC01 - Smoke Test 1-1,text,true,,31828,1144,1,1,https://facespreprod.fta.dot.gov/suite/rest/a/sites/latest/D6JMim/pages/reports/report/SrnPZw/reportlink,7392,0,0
1589987862197,29541,Select Fiscal Year 2019,200,"Number of samples in transaction : 5, number of failing samples : 0",TRAMS_TC01 - Smoke Test 1-1,,true,,127269,4576,1,1,null,29368,3,0
1589987891740,126,https://facespreprod.fta.dot.gov:443/suite/tempo/ui/sail-client/opensans-bold-appian-15df1fb3e82321d94a0ca758c62e25d2.woff2,200,OK,TRAMS_TC01 - Smoke Test 1-1,,true,,19739,741,1,1,https://facespreprod.fta.dot.gov/suite/tempo/ui/sail-client/opensans-bold-appian-15df1fb3e82321d94a0ca758c62e25d2.woff2,125,0,0
1589987891866,76,https://facespreprod.fta.dot.gov:443/suite/tempo/ui/sail-client/opensans-light-appian-83c3deca5df9e979b477c60c55772d98.woff2,200,OK,TRAMS_TC01 - Smoke Test 1-1,,true,,19623,742,1,1,https://facespreprod.fta.dot.gov/suite/tempo/ui/sail-client/opensans-light-appian-83c3deca5df9e979b477c60c55772d98.woff2,74,0,0
1589987891740,202,Font Loading,200,"Number of samples in transaction : 3, number of failing samples : 0",TRAMS_TC01 - Smoke Test 1-1,,true,,39362,1483,1,1,null,199,1,0
1589987891944,3985,https://facespreprod.fta.dot.gov:443/suite/rest/a/sites/latest/D6JMim/pages/reports/report/SrnPZw/reportlink,200,200,TRAMS_TC01 - Smoke Test 1-1,text,true,,24868,3477,1,1,https://facespreprod.fta.dot.gov/suite/rest/a/sites/latest/D6JMim/pages/reports/report/SrnPZw/reportlink,3983,0,0
1589987891944,3985,Select Period Type: Quarterly,200,"Number of samples in transaction : 2, number of failing samples : 0",TRAMS_TC01 - Smoke Test 1-1,,true,,24868,3477,1,1,null,3983,0,0
1589987895930,3914,https://facespreprod.fta.dot.gov:443/suite/rest/a/sites/latest/D6JMim/pages/reports/report/SrnPZw/reportlink,200,200,TRAMS_TC01 - Smoke Test 1-1,text,true,,25111,3767,1,1,https://facespreprod.fta.dot.gov/suite/rest/a/sites/latest/D6JMim/pages/reports/report/SrnPZw/reportlink,3913,0,0
1589987895929,3914,Export to Excel,200,"Number of samples in transaction : 2, number of failing samples : 0",TRAMS_TC01 - Smoke Test 1-1,,true,,25111,3767,1,1,null,3913,1,0
1589987899845,16343,https://facespreprod.fta.dot.gov:443/suite/rest/a/sites/latest/D6JMim/pages/reports/report/SrnPZw/reportlink,200,200,TRAMS_TC01 - Smoke Test 1-1,text,true,,26993,3808,1,1,https://facespreprod.fta.dot.gov/suite/rest/a/sites/latest/D6JMim/pages/reports/report/SrnPZw/reportlink,16341,0,0
1589987899845,16343,Download Excel File,200,"Number of samples in transaction : 2, number of failing samples : 0",TRAMS_TC01 - Smoke Test 1-1,,true,,26993,3808,1,1,null,16341,1,0
1589987916188,437,https://facespreprod.fta.dot.gov:443/suite/logout,302,302,TRAMS_TC01 - Smoke Test 1-1,,true,,475,657,1,1,https://facespreprod.fta.dot.gov/suite/logout,437,0,79
1589987916188,437,Logout,200,"Number of samples in transaction : 3, number of failing samples : 0",TRAMS_TC01 - Smoke Test 1-1,,true,,475,657,1,1,null,437,2,79
